pca_x,pca_y,pca_z
0.83287305,0.5726985,-0.21365358
-0.8527929,-0.44626966,0.02469596
0.4836532,-0.61699003,-0.62632746
-0.74869615,-0.49135786,0.3726081
-0.6958371,0.20955284,-0.6411626
0.4186705,0.19162957,-0.89584434
-0.77209073,0.5989568,0.039729726
0.6510535,0.17496201,-0.76117444
-0.89541715,0.0966695,-0.34242725
0.79540426,-0.23689066,0.61233157
-0.43514222,0.8757791,-0.16297925
-0.559753,0.80734974,0.11369711
-0.66111916,0.71892256,0.1223871
-0.58845705,0.7905401,-0.035590187
-0.6794442,0.70896757,0.035665262
-0.67365426,0.71277744,-0.049299415
-0.5628325,0.8058091,-0.08679127
-0.6924871,0.6957491,0.018806532
-0.6892646,0.66437006,0.22657847
-0.66379,0.720085,0.09502988
-0.6897036,0.69490474,0.08302231
-0.67826754,0.71028364,-0.011609641
-0.4627775,0.8206219,0.31953588
-0.6442039,0.7149243,0.21409658
0.5610281,-0.7551199,-0.3605522
-0.8042897,-0.47739422,0.24419029
-0.39635125,0.9125733,-0.0017922994
-0.5354273,0.82774293,0.089076415
0.6008945,0.6974607,0.46890208
0.719811,-0.69193566,0.20686135
-0.1508099,0.52891743,0.84516484
0.799015,-0.60639197,0.20282157
0.3694123,0.58228976,-0.73984164
0.31849822,-0.58051157,-0.7448403
-0.6677369,0.61881757,0.37775064
0.43220097,0.25420865,0.89594615
0.76432,-0.5102644,-0.4348418
-0.7673953,0.604123,-0.03789201
-0.67203826,-0.38208947,-0.5757537
-0.7758809,-0.5718775,-0.009123208
0.42562443,0.30121815,0.8846375
0.6271379,0.536826,-0.60167086
0.41985515,-0.1428926,-0.9002231
0.4366644,0.07323364,-0.90388775
0.59163505,0.022049733,-0.8212073
0.5151163,-0.18808758,-0.8446611
0.37098208,0.9505168,-0.06420138
-0.9497675,0.014886533,0.1763478
-0.5011836,0.8538058,0.04093249
-0.8522073,0.26888785,0.3898711
-0.8556862,-0.3929535,0.21282351
0.94241464,0.4232,-0.08580306
-0.83402467,0.48573786,-0.12066444
0.85854656,0.29957226,-0.48032972
-0.6115685,0.60465133,-0.46701735
0.8773406,-0.3731295,-0.37053278
-0.63607544,-0.7189761,0.1320039
-0.7112568,0.5653925,0.37625015
-0.7056165,0.33877927,-0.5745197
-0.7115982,0.27610937,-0.5981723
1.0128409,0.11160732,0.20113103
0.8803391,0.53896207,0.105678044
0.57168096,0.7935439,0.32857603
1.0293473,0.111993715,-0.05123404
-0.77016604,-0.57770944,0.06327503
0.6653278,-0.54754555,-0.5302504
0.6897242,0.64081395,-0.409852
0.877883,-0.15468615,-0.5037573
0.3955361,-0.74073315,-0.5425204
-0.1332288,-0.34124303,0.9307552
-0.16186897,0.73242766,-0.6532584
0.6535246,-0.14180009,-0.7614429
-0.62629557,0.23399675,-0.7046083
0.9738594,-0.32590836,0.09699929
-0.66739047,-0.481767,-0.50127685
-0.77998585,-0.5305284,0.21088116
0.3761693,-0.2713798,0.9074485
-0.7956428,-0.47338176,-0.259857
0.75785667,0.703469,0.0006591594
0.73121154,0.72637767,0.08513623
-0.6137739,0.685908,0.35966048
0.85052943,0.33880547,0.48970625
0.47143894,0.14455345,0.9008355
0.91591763,-0.12623596,0.4659159
0.7192039,-0.61373633,0.3889017
0.69939137,0.26793942,0.71354383
0.73737943,0.5592458,-0.44582486
-0.94627947,0.14750788,0.13617529
0.9257773,-0.23458521,-0.37505046
-0.9193966,0.21479687,0.22263676
-0.35520133,0.87051076,-0.31844857
0.45531395,-0.82522464,-0.34316823
-0.6542527,0.73026836,-0.06633105
-0.65423685,0.058271334,0.7320896
0.31715548,-0.34193778,0.9028554
0.66145307,0.79053235,0.052518245
0.9542144,0.116340645,0.39309788
0.8457967,-0.22253096,-0.52833015
0.5765966,0.26351437,-0.792384
-0.33145437,-0.7613468,-0.5073073
0.42639762,-0.6749043,-0.6038103
0.14942734,0.029724129,1.003799
0.22410476,0.18006545,0.97796506
0.5304949,-0.8474791,0.14689049
0.5217151,-0.77401143,-0.37431467
0.6272645,-0.15745085,-0.77854514
0.34479085,-0.8781447,-0.3273634
-0.29416147,0.7156188,-0.6176594
-0.30289307,0.78573805,-0.5233538
0.83691365,0.5847598,0.18373434
0.883385,-0.46550086,0.24570757
0.8532509,-0.54614264,0.15918976
0.6773534,-0.29030952,-0.6954921
-0.7398843,-0.6176963,0.055512026
-0.60681385,0.41370466,-0.64096415
-0.62592405,0.70612586,-0.26952878
0.5461399,-0.16607253,0.8522439
0.5053447,0.8419904,-0.28912744
0.6607792,0.482346,-0.61254686
0.39231583,-0.3803151,0.8589561
-0.59975004,-0.50633895,0.5827507
0.5021682,0.099505685,-0.8700733
0.742504,0.61545396,-0.35858563
-0.5848556,0.28374767,-0.7243037
0.21814725,0.1846077,0.9782988
0.1934304,0.25607803,0.96711195
0.6944609,-0.6634004,-0.32415923
-0.5694674,0.25915048,-0.74556196
-0.046448678,0.04573473,1.0063504
-0.13548099,0.05066294,0.99471706
0.48354268,0.835127,0.35829538
0.52830535,0.8291579,0.30838704
0.5804182,0.76061237,0.38756272
0.67535603,0.6665316,0.41302648
0.5064727,0.8927101,0.052741837
1.0306681,-0.09451304,-0.0033446131
0.9711671,-0.34096912,0.056905176
0.1063355,0.33879763,0.9525812
-0.5436738,0.2660576,-0.7632876
-0.52605003,-0.7984507,-0.15781024
-0.78853667,0.4853026,0.3181227
-0.536342,-0.8040226,-0.07653037
0.8447022,0.36293823,-0.46163556
0.19457829,0.5837666,-0.7940043
0.6215132,0.5005366,-0.6361942
0.809237,-0.60292226,0.17041124
-0.65109104,0.48307008,-0.541591
0.9434666,0.35944268,0.24666207
-0.20537835,0.076509506,0.9785224
-0.7201411,0.109041035,-0.6362369
0.501879,-0.5125713,0.7238535
0.68405795,0.18139134,-0.73223937
-0.75164855,0.6102665,0.15206271
0.5175646,-0.8100989,0.317041
0.818842,-0.559683,0.2591851
-0.7475076,0.35064796,-0.5094958
0.9873114,-0.29427183,0.059604116
0.07983138,-0.57969,-0.79525113
-0.022088671,-0.98625416,0.05311307
0.49571228,0.8991939,-0.007532329
-0.833515,-0.48107886,-0.022175154
-0.9142043,-0.29940274,0.012926036
-0.77736515,-0.5514591,-0.13575768
-0.6966869,-0.6397666,0.207845
0.9816376,-0.28474343,0.14790146
0.6930325,0.66362894,0.38855642
-0.3483626,-0.9054263,-0.09883946
0.995185,0.1529918,-0.235629
0.08036211,-0.33454674,-0.9269382
-0.951933,0.03089495,0.16168196
-0.9423614,-0.02252534,0.21281339
-0.17626238,-0.3992639,-0.87639225
0.2900742,0.879958,-0.4147628
-0.14528313,0.68203,0.72933584
-0.8314015,-0.3454786,0.35655087
-0.9008857,-0.022169989,0.35746938
0.8256357,-0.54412067,-0.2518097
0.3668339,0.8399605,-0.4410689
0.93310684,0.25383472,0.3804286
0.82372683,-0.5635478,0.23355699
0.5962708,-0.13553305,-0.80508304
-0.15059318,-0.087825395,-0.96698713
0.31138226,0.8855924,-0.38919184
0.44819954,0.87030995,-0.29322854
0.58847797,-0.81825,0.09586333
0.6784339,-0.7538713,0.060628787
-0.44605044,0.70818704,-0.5200687
-0.2857118,0.817374,-0.4858283
-0.25721225,0.84633553,-0.4546243
0.37823156,0.93863875,-0.14072523
-0.08829857,1.0033109,0.0057744584
-0.33128324,0.7889888,-0.49928322
0.35575646,0.91927975,-0.26023102
-0.68901,0.4518894,-0.5183535
0.6008908,0.80247617,-0.22426379
0.44220877,0.9086042,-0.16226996
-0.1625412,0.9902779,-0.030752504
-0.021459585,1.0050269,-0.083474316
-0.3813348,0.78223294,-0.47015592
-0.21944141,0.93860406,-0.26227343
-0.88691884,-0.27922398,0.26190138
-0.7284779,-0.629718,0.076347515
0.050965335,0.3289062,0.9584364
-0.07844589,1.0041546,0.036958437
-0.6991542,0.12295872,-0.6578313
0.5092035,-0.54056734,0.6974496
-0.4087242,0.8559442,-0.28656018
-0.433353,0.81600463,-0.35229188
-0.47157383,0.79558855,-0.34544724
1.0085557,-0.19718966,-0.096562535
0.88693,-0.51463443,0.020775884
0.5118857,0.8771588,-0.1440586
0.31984693,0.890509,-0.3721212
-0.67994565,-0.64950943,-0.21428223
-0.57042956,0.7148277,0.3799902
-0.91171646,-0.119665265,0.30029997
-0.81481797,0.10785498,0.5262766
-0.05427044,0.9105991,-0.41707942
-0.051848844,0.8448522,-0.5346946
0.78074414,0.32376614,0.6004218
0.693691,-0.33900386,0.67771316
0.5787362,-0.5092246,0.6699811
0.53694814,-0.7851946,-0.32915756
0.8104675,-0.6026527,-0.14464825
0.2579283,0.5898302,-0.77447236
0.31600094,0.242683,-0.92137504
0.53583354,0.5970172,-0.6277755
-0.5762425,0.7646152,-0.2282953
0.53709143,-0.47054264,0.72959787
0.558732,-0.82418233,0.18182921
-0.67810893,0.64656895,-0.28243536
-0.8280196,0.36922202,-0.34262413
0.92284626,-0.11573028,-0.43463865
0.50422555,-0.6718791,-0.5505148
0.5560639,0.45979762,-0.7166595
0.63861126,0.71427447,0.38836357
1.0145762,0.14391397,-0.14916074
0.88039905,-0.18540417,-0.48858517
0.9620518,-0.34630638,0.13422476
0.14865689,-0.7312378,-0.6501374
0.6310384,0.7589338,0.3055677
-0.79805,0.2759777,-0.47295147
0.57353425,-0.5864776,0.6056312
0.7280382,-0.53342223,0.48478106
0.12005144,-0.086354226,1.0020986
0.48682025,-0.025425863,0.9024329
0.99629563,0.19089402,-0.20455916
1.0198401,-0.043055587,0.18309306
0.28235358,0.20687951,-0.93891084
0.50178194,0.14307751,0.8855821
0.3458585,0.22004461,-0.9172778
0.5637061,-0.17377236,0.8396735
0.8840665,0.2538034,-0.4613083
0.7961575,0.28934616,0.59800476
0.91347367,-0.42071727,0.2205837
0.7306387,0.2787722,-0.65769863
0.23211221,0.52212864,0.8473759
0.7724455,-0.4783907,-0.45711023
0.76508117,-0.22212614,-0.63347566
0.89424706,-0.25861645,-0.42695555
-0.7059105,0.23271452,0.6427899
-0.28307492,0.10339834,0.9534912
-0.49628627,-0.11549163,0.84720105
0.8028775,-0.38599527,-0.49433753
-0.6157625,0.70637286,0.31265318
0.07203962,-0.9546347,-0.24659914
-0.63240737,-0.7268477,-0.079914495
0.91566145,-0.45347348,0.11515585
0.32482937,-0.05960501,-0.94448656
0.5941293,-0.782214,-0.23356009
0.39103347,0.6083077,-0.70904
-0.7743319,-0.25011814,0.534348
-0.6315743,-0.7325742,-0.01759831
0.66815126,-0.6772239,-0.3460092
0.24626184,0.7573249,-0.62137425
0.658913,-0.74985725,-0.17219672
-0.6051319,-0.09171207,-0.74982166
-0.9128055,0.040554937,0.3237915
-0.8977361,-0.06854503,0.35841236
0.427474,-0.35378045,-0.8345248
-0.95221275,0.036363862,0.15901834
0.7255842,-0.66356575,0.27451497
0.38202664,0.34378687,0.88779515
0.24222657,-0.7830447,-0.56138134
0.7301212,-0.527495,-0.46771896
0.90735257,-0.355113,-0.31708983
0.63386,0.74817777,0.32620153
-0.7335494,0.6236013,-0.16881208
0.61195606,0.78956795,0.26080176
0.21317196,-0.62546444,-0.74027675
0.33302316,-0.8131607,-0.4718464
0.5090899,0.8759188,0.17965049
-0.8724321,-0.3631779,0.19477904
0.9011612,0.30693102,0.41611022
-0.7343815,0.6382952,0.12270189
0.7710743,0.18315476,-0.6458122
0.33410546,0.17496699,0.95086515
-0.5312541,-0.7507395,-0.3016781
0.9904909,-0.20442308,0.21816142
0.62246406,-0.09624744,-0.7927025
0.22579083,0.29609978,0.9500148
0.6572703,0.069543354,-0.77131355
-0.77409655,0.16526209,-0.5547728
-0.91981965,-0.0090569435,0.30247816
0.687454,-0.7358711,-0.12406167
0.24814153,-0.6748086,0.7065522
-0.13804539,0.1587077,0.98393726
0.43680844,0.62431794,-0.6705174
-0.05590464,0.9634909,0.3010413
1.0192775,0.1441193,-0.11681756
-0.90075916,-0.32170475,0.11545003
0.734111,-0.62222445,0.34507054
0.5951931,-0.81799823,0.026616817
0.22830932,0.764334,0.63953316
0.77354354,-0.59980416,0.29905045
0.9150283,-0.46607506,-0.00451576
-0.2561927,-0.001550062,0.9665521
0.027126385,0.12955861,1.0033045
-0.4390449,0.3774495,-0.7894865
0.13652605,0.23351112,-0.95941216
-0.85331774,0.17245393,-0.4167548
0.9786621,0.03913531,-0.3231974
0.70928043,-0.17438346,-0.7056887
-0.8101584,-0.5199664,0.047207102
0.07633037,-0.9528374,-0.2526451
0.24818076,0.9815716,-0.10519105
-0.23715031,0.82394886,-0.50391483
-0.3779548,-0.159577,-0.8835975
1.0339245,-0.04142084,0.05621555
0.50176054,-0.4421474,-0.74984235
0.58934057,-0.265007,-0.77572006
-0.85773075,-0.37514213,-0.21634294
0.64232355,0.3231612,-0.72134936
0.7618854,-0.6289532,-0.24242654
0.7388168,-0.67763674,-0.16895598
-0.33711076,-0.84026897,-0.3579279
0.6229449,0.73881596,0.36588112
0.68130845,-0.29420516,-0.69019514
0.6858624,-0.2797216,-0.69214803
1.0045788,0.2484688,0.08921862
0.96458447,0.24343899,-0.2801722
0.6318967,-0.78084654,0.14499624
0.50182253,-0.20791318,-0.8471487
0.9540605,0.3900692,0.12963742
-0.7155335,-0.6355964,0.13850886
1.0245681,0.00041545814,0.16311386
0.93278426,-0.41634846,-0.1066161
-0.94918245,0.14026503,0.120080754
0.64162713,0.3634705,-0.7034061
0.3377743,-0.5788807,-0.7386434
0.073322624,0.3431023,0.9529478
0.71686155,0.7037855,0.24940795
0.40195885,-0.83326983,-0.38119915
-0.9481744,0.12367355,-0.12388457
-0.66407996,0.7128701,-0.11975469
-0.10262637,0.28855285,0.96102554
-0.07275293,0.32371852,0.95398444
-0.23244408,0.20895885,0.953045
0.6234183,-0.25440446,0.7751448
0.988136,-0.22958662,0.2005918
-0.1746702,0.36239862,0.9225656
-0.60829103,-0.7481328,-0.07883599
0.9914712,0.2827581,0.12859073
-0.34784248,0.8480545,-0.37940055
-0.62068003,0.48939714,-0.5723263
0.23837365,0.45373246,0.88404804
-0.7671101,0.60384154,-0.045497533
0.4954525,-0.6287941,0.6266164
0.98515916,0.11160339,-0.28907934
0.94721305,0.3148729,-0.26903826
0.60962385,-0.7102745,-0.37814173
0.4901077,0.5139819,-0.72530574
0.74466914,-0.34996545,0.616943
0.12840365,-0.44450313,0.89578617
0.7770095,-0.6119249,0.26187834
0.8977732,0.49683043,0.15887997
0.55752915,-0.7732888,-0.32588908
0.7296369,0.47020602,0.5659088
0.7453642,0.32161573,0.64355534
0.009326983,0.017736305,1.0099987
0.6251706,0.34743777,-0.7245906
0.6352867,0.19418542,0.7899832
-0.94926304,0.1676456,0.074044384
0.8991932,-0.21221422,-0.44308534
0.83442503,-0.44299075,-0.38568312
-0.92860544,-0.01670533,0.2712921
-0.6700041,0.18439674,0.69670135
-0.62362754,0.7527656,0.13032076
0.5883362,-0.81691295,0.10876582
0.6187434,-0.8008399,0.049701996
0.5298126,-0.8250073,-0.22917747
-0.39618993,-0.87115777,0.19608828
-0.07791035,-0.94592154,0.27686512
-0.58227205,0.7007733,-0.36601505
0.3521807,0.29865566,-0.89381516
-0.9584151,0.012623766,-0.09171633
0.41231647,0.08234634,-0.91350883
-0.94841844,-0.12808746,0.11448618
0.095393576,0.015014676,-0.98786205
0.11724213,-0.8097563,-0.5549607
0.5400841,-0.10465662,-0.8456834
0.6162288,-0.48698577,-0.6343145
0.41492078,0.4584343,-0.79992336
-0.74331546,0.6043545,-0.19007492
0.64153904,-0.70291233,-0.3416246
0.72777545,-0.6699096,-0.23073317
0.50070065,-0.8739307,0.043070935
0.7702006,-0.6504043,-0.14407563
0.8613924,-0.524151,0.19149785
0.49313954,0.30303645,0.850705
-0.09932866,-0.08159075,-0.9760181
-0.4936971,-0.8027891,-0.22750318
0.74173564,-0.46520475,-0.51454777
0.24389142,-0.3120042,0.93370587
0.13793114,-0.15968752,0.99044055
0.1253735,-0.3538899,0.93712366
-0.6458628,0.12544619,-0.7117668
0.32200515,0.6175199,-0.7316966
-0.6374723,0.67732847,-0.30917844
-0.77387244,0.45618105,-0.37099212
-0.58887374,0.71418905,-0.32840887
-0.77849466,-0.46223253,-0.32420525
0.47951996,0.589965,0.6948914
-0.9094435,-0.27305177,0.16756675
0.06263269,0.6054732,0.81416214
0.046676774,0.3299875,0.9581296
-0.963021,-0.023371434,0.017640846
-0.7444062,-0.6107436,0.07114053
0.1200978,0.42895356,0.91504294
0.015875375,-0.87659675,0.4703172
-0.69117606,-0.628472,-0.23783697
-0.720074,-0.637066,-0.077156894
0.44808683,-0.6136517,-0.6530425
-0.8218111,0.32950202,-0.39233008
-0.5791589,0.29267988,0.7465005
0.7263557,0.2061753,0.7074206
-0.35710365,-0.89305377,0.1766844
-0.4818789,-0.8182187,0.2192531
-0.7897982,0.4950385,-0.27821636
0.18622729,0.013793219,0.99908817
-0.8937552,0.059932586,0.3744021
0.16597597,0.1840474,0.9867547
-0.49867216,0.43035832,0.7438598
0.058366057,0.36933556,0.9437662
-0.7567172,-0.5449736,0.25896242
-0.7382108,-0.53407085,0.331024
-0.76784736,-0.43368813,0.4045921
-0.8127994,-0.42700955,0.30529827
-0.63232225,-0.6443981,-0.34055662
0.738572,-0.23990843,-0.65585655
-0.6812173,0.076559275,0.7037864
-0.634338,-0.7281483,-0.050005652
-0.29647958,-0.9209173,0.15364408
0.98228025,0.216284,-0.24088956
-0.6272346,0.1583431,-0.7230788
0.6868196,0.77061623,0.018620452
0.32494542,0.9556802,-0.1462233
-0.4743277,0.14374503,-0.8390909
0.42639914,-0.42151573,0.82321614
0.34278864,-0.15703353,0.9473086
0.25595915,-0.14014761,0.9741769
-0.78632635,0.19761759,-0.52665216
-0.63001525,0.74966043,-0.09212202
0.58813286,-0.12502778,-0.81241846
-0.39585897,0.80803305,-0.41165835
0.9210247,0.4620533,-0.10804174
-0.9030423,-0.3292729,-0.03034415
-0.3518291,0.66571975,-0.63831437
0.021953983,0.4319219,0.9174249
-0.76815534,0.0833441,-0.5791413
-0.18085201,0.515602,0.84604114
-0.89716727,0.049439296,0.36684516
-0.25127316,0.9023304,-0.34034964
-0.4182099,0.7292726,-0.5165178
0.51070553,-0.7581198,-0.41770527
0.6095664,-0.7909397,0.17810625
0.6309016,-0.7801643,0.15316048
-0.6710528,0.6694907,0.26752606
0.31908086,0.4839218,0.8449684
-0.5597554,-0.787453,-0.072846115
-0.72362864,-0.61754704,-0.15452698
-0.6665267,0.3370847,-0.62183356
-0.43579522,0.63386965,-0.61351794
-0.7181931,0.086919025,-0.6414635
-0.42749354,0.048274815,-0.87474734
-0.7160725,-0.644608,0.07257224
-0.8035869,-0.5245034,-0.07678494
0.22323485,0.038025774,-0.9716286
-0.47784036,0.7089616,-0.48823172
-0.8013695,0.24504326,-0.4830649
-0.65147215,0.5559791,0.48999074
-0.8569495,-0.43814823,0.022975713
0.8772517,-0.13807456,-0.5098427
-0.58611584,0.6170016,-0.485029
-0.15976453,0.47322014,0.87525666
-0.6075499,0.10978941,-0.7483283
-0.69144034,0.6915083,0.096318774
0.627957,-0.1989564,-0.76799536
-0.6850477,0.2946648,-0.6214187
0.7330941,-0.30547395,0.65406764
0.689638,0.6505256,0.41583335
-0.75374126,0.53651965,0.32614058
0.6026206,-0.73645395,-0.33671242
-0.8980766,0.09387329,0.35677433
-0.929365,0.22330195,0.15991698
-0.10274677,0.63698465,0.777814
-0.9552984,0.013562098,0.13927425
0.5241939,0.8314577,-0.2880507
0.65043837,0.47838828,-0.6256698
0.53525674,-0.84853107,0.1203752
-0.7098335,-0.6298767,0.19016273
0.0595078,0.49638146,0.88444954
-0.6194579,-0.74336874,0.035884354
1.031676,-0.08281747,-0.012357697
1.0196532,-0.110531226,0.14577849
-0.36445665,-0.8815615,-0.1956838
-0.40666258,-0.8622746,-0.19188072
-0.7637976,-0.58866626,0.012805701
0.71961784,0.7115829,-0.19579287
-0.55007124,-0.54746723,-0.5761965
0.6445412,-0.085326016,-0.77752936
-0.20149532,0.7322032,-0.6403578
0.86113286,0.51306343,0.2707716
0.42194435,0.0167486,-0.91226834
0.018673616,0.27457225,0.97489685
0.8561941,0.27913594,0.5163871
-0.91556853,0.18701501,0.26118106
0.45739007,0.9128718,0.1082574
0.897978,-0.4678009,0.17844588
-0.4427004,0.61744446,-0.62433916
-0.36249566,0.88850945,-0.25627276
-0.94640243,0.10668505,0.16865863
-0.5759323,0.47029868,-0.6332422
0.7557222,0.47238013,-0.5089938
0.97172135,-0.0047821836,-0.3429445
1.0096501,0.12766077,-0.1874046
-0.950617,-0.063753754,0.1527759
-0.8519774,0.23999122,0.40848085
-0.91125387,-0.19211225,0.2568172
-0.76972246,-0.44885796,0.38274828
-0.0384407,-0.28616518,-0.9414675
-0.07017458,-0.42879185,-0.88131255
-0.093567684,0.27383545,0.9664724
-0.15545702,0.3217465,0.9413636
0.6294823,-0.7072276,0.37394884
-0.76925194,0.16399753,-0.5619965
-0.5229205,0.21505193,-0.7931187
-0.26055965,0.7863212,-0.54720294
-0.6056724,0.5505018,-0.53446853
-0.702973,-0.6506515,0.13466902
-0.22522451,-0.8677364,0.40936396
-0.95730275,0.024293024,0.12203485
1.0059584,-0.23318127,0.024210552
-0.80958,-0.52119374,0.042473607
0.26043004,-0.096162915,0.97903544
0.7652227,-0.66933244,0.08613967
0.06277432,0.070332125,1.008282
-0.5735212,0.60046834,-0.5194424
0.288884,-0.40878293,0.88211447
-0.7208239,0.1729125,-0.6224643
-0.9503183,0.13093714,0.120453686
0.90376884,0.2908591,-0.40112945
0.83146834,-0.59470814,-0.017361093
-0.6426356,-0.6240981,-0.35766777
-0.5762499,-0.68390065,-0.36598566
0.8772306,-0.36527547,-0.37853333
-0.9505756,0.0667343,0.16161449
0.17421505,0.58483255,0.8177591
-0.95863146,-0.01995969,0.10541591
0.8199107,-0.40535995,0.47145858
-0.94423884,-0.08566943,0.18086158
-0.4511905,-0.61680835,-0.5962443
-0.7274594,0.37750858,-0.52097446
-0.7548012,-0.36520147,0.4925155
0.9079641,0.40547445,0.3015704
-0.87127894,0.10470797,0.4195773
-0.8331963,-0.25988838,-0.40244475
-0.6940156,-0.67151797,-0.013236494
-0.85479546,0.014085637,0.46407887
0.73327684,-0.34687066,0.631792
-0.71242017,0.6705679,-0.05641736
-0.89618444,-0.2943417,0.20288868
0.6129712,-0.7080072,-0.37739077
-0.7244748,-0.62546724,0.13643524
-0.6346713,-0.68570024,0.2636833
-0.7172053,0.6649836,0.07826831
-0.3789976,-0.8604313,0.27091527
-0.69773144,-0.66677517,-0.029224051
-0.63053066,-0.6980171,0.23925763
0.9180922,0.3889159,-0.27213138
-0.7629744,-0.58974236,0.015907703
-0.721113,-0.63810015,0.07930087
0.71058977,-0.5916667,0.4370682
-0.7204539,0.24900946,-0.5984206
0.11742808,-0.44880182,0.8946359
0.59735626,-0.10713237,-0.8089408
-0.95821786,0.08234372,-0.06542343
-0.035546895,0.4707209,0.8955969
-0.73287654,0.6434088,-0.08176609
-0.72532696,0.64984137,-0.09858166
0.77558243,0.6021476,-0.31246883
0.56462526,0.83165675,-0.20791547
-0.588731,-0.7352972,0.23869069
-0.70156366,-0.6206717,0.24768098
0.45570967,0.034406815,-0.89713883
0.72059536,-0.5965228,-0.39283508
0.78537136,-0.46552226,-0.44981954
0.7102665,-0.6498576,-0.31969562
0.55600685,0.79940575,0.33989042
-0.33591914,0.837904,-0.41132593
0.34832838,0.2918071,0.9180698
-0.83987904,-0.26293057,0.40675002
-0.6031499,-0.7391686,0.17800061
-0.94105893,0.10984168,-0.17645957
0.53381205,-0.80446196,0.30595848
-0.6971033,0.67718154,-0.12525871
0.45018113,-0.7223391,0.5496317
0.37834272,0.14537385,0.9404519
0.47192323,-0.03443716,0.9093894
0.52814794,0.72599214,-0.48670793
0.6083501,-0.7428751,-0.3125906
0.59805346,0.5388623,0.64755785
0.7823005,-0.29081374,0.6040228
-0.9492132,0.00856814,0.17963031
0.3906537,-0.70195794,-0.59458643
0.29398635,0.5026273,-0.821509
0.83078796,0.61499465,0.07533232
-0.7282521,0.24725002,-0.5892931
0.77038544,-0.28072697,-0.6028251
0.64396983,-0.33446637,-0.7047199
0.594574,-0.19817679,-0.79247683
-0.49444288,0.8395807,-0.1682386
0.86242133,-0.14497966,-0.53114116
0.44215637,0.0379184,-0.9031834
-0.7794855,0.08740779,0.58360535
-0.87125415,0.1222606,0.41521826
-0.48270202,0.6147341,-0.5947826
0.67567825,-0.38310722,-0.6498055
0.7402021,-0.3452495,-0.60410786
0.9444556,0.4285894,-0.022468561
0.8194107,0.5712161,-0.26002574
0.53513205,-0.14262727,0.8633722
0.32661986,-0.3128506,0.91082466
-0.7131598,0.5748405,0.35743794
0.7256108,-0.34556457,-0.62025267
0.97864777,-0.20455508,-0.24568717
-0.3557825,0.13480644,0.9219386
0.3766509,0.9076813,0.29390255
-0.099634714,0.34117228,0.94450206
-0.72898406,-0.44631264,0.46316168
0.55292994,-0.5846346,0.6253882
0.3652846,-0.67546886,0.6587692
0.5329043,-0.5571242,0.6665401
0.34038055,0.42357594,-0.84836376
-0.7232684,-0.5494096,0.3401931
-0.8247259,-0.1757978,-0.46247315
-0.7817275,-0.2805132,0.5060531
0.6055544,0.8283302,-0.080088824
-0.74387425,-0.011668093,0.63546103
-0.95066184,0.019697428,0.17075782
-0.80029637,-0.47501212,0.26274258
-0.8531816,-0.42132854,-0.1369454
-0.24833053,-0.66445774,-0.6697203
-0.35651657,-0.7026849,-0.56938094
0.56155735,0.05703029,0.86012584
0.15892166,0.28846294,-0.94253546
0.6689573,-0.051808525,-0.76153195
0.62173754,-0.10388982,-0.7921742
-0.34366074,-0.6165354,-0.6690491
0.24374646,0.3349145,0.93350476
-0.77058405,-0.57223004,0.10282868
-0.86014664,-0.42518428,-0.06653352
-0.06434211,-0.8365762,0.53121984
-0.3192545,-0.9083098,0.17827256
-0.3673252,-0.81652904,0.40030187
-0.49399248,-0.8205973,0.17461799
-0.39311543,-0.83310175,0.33107254
-0.10112687,0.56922865,0.828686
-0.9463685,0.0021878467,0.19523609
0.3360967,-0.798301,-0.49458107
0.77695644,-0.25494602,-0.60664046
-0.7126405,0.21025956,0.6423243
-0.90258193,-0.32357597,-0.06942647
-0.19899662,0.03424199,0.98202056
-0.28923154,-0.93409216,-0.013329931
0.43009752,0.90960556,0.20453984
0.10075046,-0.37140426,-0.911312
0.6537144,-0.033042416,0.7958288
-0.7952965,0.49950343,-0.25387627
-0.7119673,0.6060761,-0.2829384
0.5572894,-0.21516997,-0.81267047
0.5453618,-0.26545167,-0.8047348
0.7313271,0.70548433,-0.17637075
0.8032644,0.5608149,-0.3208117
0.8565988,-0.34967667,0.45426592
0.73987746,-0.6834768,-0.13992482
0.90528184,0.34964985,-0.3506816
0.3780494,0.52782017,-0.77464217
-0.93636686,0.03767585,0.24082516
-0.89138347,0.16219532,0.35166758
-0.4763054,0.839491,-0.2154036
-0.24706644,0.6432537,0.7315517
-0.29474783,0.6301379,0.72255737
0.49644202,0.25867233,0.8630531
0.9698447,-0.32188398,0.14346507
-0.2768127,-0.8897698,0.31091702
-0.4137958,-0.8690766,0.1607615
-0.35800794,-0.5670268,-0.7039107
-0.20951223,-0.62066436,-0.72472876
0.4230272,0.14017075,0.9235306
0.60282844,0.54866636,0.6350113
0.42239857,0.6331125,0.6916348
-0.6762206,-0.69007814,0.03385233
0.85083085,0.27929398,0.52489287
-0.75949585,0.604762,-0.10881352
0.8986857,-0.48627934,0.10516597
0.04294226,0.17330343,0.99712485
0.26675656,0.20075378,0.9648263
-0.8445426,-0.45062745,0.114321366
0.40277115,0.5593432,-0.741408
-0.56534386,-0.7143966,-0.3236473
0.46127263,-0.082355216,0.9107801
0.780905,-0.53237003,0.39802852
-0.82891536,0.08679559,-0.48517033
0.7320467,0.00748733,-0.7079479
-0.9514343,0.10585953,0.1340465
0.04536895,0.13767658,1.0023047
-0.09362433,-0.08423028,0.9973067
-0.63890743,-0.7010006,0.20247687
-0.76251173,-0.55795413,-0.18444759
-0.7337957,0.63601285,0.13835151
-0.85711086,0.1767085,-0.40710005
-0.74425006,0.2064595,-0.58332634
-0.73294693,0.6164556,0.21469311
1.0113908,0.015559867,-0.21163051
-0.8887899,-0.16025054,0.34910932
1.0345922,-0.025499469,0.057153065
1.017126,0.20536067,0.029492231
-0.86715186,-0.4040721,-0.09584211
-0.4919906,-0.83704334,-0.027874734
-0.73850304,-0.6209344,0.02018266
-0.7744832,-0.5526012,-0.14694607
-0.6794728,-0.6844782,0.07143738
0.36075968,-0.8268326,-0.4284717
0.38407162,0.94777465,0.052532904
-0.70701796,0.037607484,-0.6579634
-0.70088094,0.22821549,-0.62941796
0.71682125,0.67135465,0.32828858
0.7884439,-0.47038862,0.4604024
0.8037538,-0.45322844,0.45252022
-0.88561225,-0.0061026616,0.39726418
0.7449316,0.71156275,0.09585815
-0.5591766,-0.7918136,-0.014789463
0.71725535,0.73740035,0.10471396
0.47658768,-0.6678485,-0.5771489
0.70381796,0.74122345,0.15683933
0.79688627,0.6491089,-0.110316165
-0.9349712,0.23658252,0.08580258
-0.73532027,-0.62488824,0.00826118
-0.93336827,-0.23201647,-0.012316116
0.92055607,0.0044528027,0.47745046
-0.74008995,-0.6117456,0.106121585
-0.7784421,-0.5434519,0.17935142
0.92485964,0.035279956,0.4686228
0.5946248,0.40156054,0.7424349
0.79946494,-0.14424658,0.6377044
0.5824615,0.23816828,-0.7959764
0.56277263,0.39017493,-0.7506698
-0.4395492,0.8209908,-0.33257878
-0.6095324,-0.7326875,0.18235669
-0.71239984,-0.5689197,0.33118814
-0.6539733,-0.6743999,-0.22092126
-0.8429392,0.48678988,-0.013631104
0.8835012,-0.015516715,0.54108244
-0.49016112,-0.062425032,0.8573623
-0.8537209,-0.44266367,-0.03249448
-0.9201925,0.21553533,0.21829702
-0.018395865,0.4321544,0.91577727
-0.82016945,-0.49884018,0.0897599
-0.73142964,-0.62890476,-0.019088479
-0.71054345,-0.6225418,0.2119029
0.7147731,-0.5204847,0.5174831
0.72414017,-0.5687618,0.44706753
-0.7298032,0.64565736,0.112181276
-0.6516845,0.7119946,0.19846958
0.4994721,0.29649386,-0.8287132
-0.94579315,0.07885752,-0.16508877
-0.92405015,0.18494667,-0.20733343
-0.9146629,0.08531096,0.31047928
-0.7328218,0.608867,0.23635869
0.4101141,-0.18171759,-0.8968729
0.19388318,0.17802225,0.98369473
0.99443495,0.2582188,-0.13463636
-0.7854169,0.08643596,-0.55442744
0.45783496,-0.37859288,-0.80844206
-0.71036005,0.637907,0.23299102
-0.9227115,0.1302089,0.26729995
0.36033684,-0.63979006,0.69693655
-0.70282364,0.6494347,-0.20447993
0.50093925,0.027862052,-0.874986
0.8885937,-0.18286547,-0.47547737
-0.7142938,0.6555057,-0.13553058
0.8680298,-0.022374058,-0.54387
0.100073636,0.64659745,0.77987343
0.384753,0.78945255,-0.51193744
0.94594604,0.42631653,0.026590709
-0.731878,0.64776814,-0.05666192
0.8083644,0.11027826,0.63821864
0.5953976,-0.7652948,-0.28056464
0.47904435,-0.88183683,-0.07118617
-0.65012604,0.04529977,0.7367278
0.60395455,-0.30338058,0.7712555
0.60997576,-0.2643052,0.781815
0.9985712,0.28294554,-0.005660658
0.64968985,-0.43162677,-0.6436765
-0.66383815,0.56325465,0.46301726
0.79026926,-0.4757353,0.45150748
-0.73782223,-0.6032566,0.16265169
0.9689009,-0.01748071,-0.34953806
0.7371918,0.72055995,-0.06397211
0.7418425,0.6263555,-0.341436
0.15989009,0.25048664,0.97342503
0.6973041,0.76151806,0.0029518458
0.6576944,-0.1532878,-0.75571454
-0.53497773,0.7243184,0.41649744
-0.5176014,0.73802876,0.41626248
0.45432708,-0.86972916,0.23265572
0.6529405,-0.29659986,-0.71427464
0.22219907,-0.7968633,-0.5487411
0.83976996,0.49133694,0.36241198
-0.9362489,0.1415296,0.20281886
-0.6068388,-0.7074715,-0.2540414
0.9760628,0.011416226,0.35237238
-0.737954,-0.6087408,0.13771194
-0.7130298,-0.645518,0.09548893
0.56232417,-0.742803,0.40403208
-0.22857323,0.90982455,-0.33910638
0.49142826,0.8698634,0.24591438
0.37673476,0.95097786,-0.01814613
0.95613486,-0.38129303,0.014996396
-0.72581893,-0.6348683,0.052619327
0.84240603,-0.3874654,-0.42712384
-0.7966245,0.17989789,0.53731626
0.8347247,0.16495803,0.59257567
0.93362683,0.40904436,0.20160757
-0.7375489,0.41218084,-0.4797365
-0.7160661,-0.61471295,0.2157865
0.23472424,0.43040505,-0.8755327
0.69855887,-0.7135634,0.20096846
-0.7585657,0.21311685,-0.5617105
-0.7594334,0.2955033,-0.5242573
-0.29931837,-0.68914217,-0.61965525
-0.87880677,-0.38664296,0.0756342
0.32648322,0.3347928,0.9109771
-0.73534226,-0.6244316,0.03386351
-0.4259567,-0.7064626,-0.5105148
-0.41580033,-0.86687756,0.16745451
-0.6273242,0.4731295,0.59866756
-0.6682282,0.47617996,0.54637074
-0.47348133,-0.8462445,-0.060235072
0.46562916,0.52007955,-0.73572916
-0.7944848,0.09856892,-0.539208
0.7951039,-0.6044515,0.2233989
0.3158787,0.8195116,0.52843416
-0.27076665,-0.4254863,-0.83521885
-0.8878361,0.37975594,-0.08948838
0.8166429,-0.54943866,-0.26697245
-0.6436393,-0.7087415,-0.12890147
0.7429015,0.3719597,-0.59837645
-0.51520854,-0.26981363,0.7957838
0.5607965,-0.64380693,-0.53370297
-0.66892356,-0.6095589,-0.33215436
0.94975203,-0.3890314,-0.06437371
-0.4596786,0.10333405,-0.85300523
-0.758669,0.5623426,0.26354274
0.025583988,0.14217445,1.0017029
-0.12151516,-0.16452877,-0.9613251
-0.13139036,-0.23513557,-0.94419104
-0.46522954,-0.00704444,-0.85453004
0.08285046,-0.16720282,-0.9724863
0.49281102,0.24256279,0.8695049
-0.8934939,-0.35680777,0.008404364
0.44610074,0.9137539,-0.12139339
0.89452547,-0.30919942,-0.39079088
-0.25016114,-0.9047935,0.29146641
-0.33713797,-0.89173985,0.22332256
-0.7013435,0.6441636,-0.22425193
-0.7178306,0.038466092,0.66647464
-0.87736505,-0.054529976,-0.39061338
-0.6140942,0.31703526,-0.6848325
-0.71268684,0.66110724,-0.117876425
0.6684793,-0.3267045,0.70773536
0.60767543,-0.79471767,0.16601227
-0.42798775,-0.7000443,-0.5174642
-0.76999265,-0.010207064,-0.5806671
0.46854725,0.35690606,0.84323984
-0.45911458,0.78518635,-0.3837345
0.58717287,-0.63335985,0.54071295
-0.8933124,-0.34853685,-0.069358155
0.38501516,0.9401661,-0.11336491
-0.8529817,-0.44340786,-0.03939662
-0.7547119,-0.58927083,-0.106822334
0.8409975,-0.39270687,-0.42490432
-0.7500376,-0.58783495,-0.14072089
-0.8762597,-0.38547435,-0.08881572
-0.78344756,-0.5497956,0.12567273
-0.887896,-0.33545202,0.17051624
0.77605027,0.005594172,0.6833085
-0.8508381,-0.4419034,-0.07708783
-0.013662279,0.256858,0.9784313
0.45330778,0.2586385,0.8849649
0.38171574,0.06319315,-0.9266391
0.62200594,-0.7992844,0.02646182
-0.78362435,-0.31869015,0.47820386
-0.75067717,0.61680394,0.12754102
-0.78462094,0.10682365,-0.55249494
0.1475454,0.71715534,0.70978147
-0.6581762,0.37302938,-0.61142194
0.5782638,0.37560308,0.767678
0.5409192,0.83516735,0.26800302
-0.5343674,0.82586604,-0.09191149
-0.33693966,0.70086557,-0.6100189
0.9096449,0.29182237,-0.3878312
1.0218279,0.17979263,-0.009590726
1.0187416,0.19313382,-0.03196649
0.45046803,-0.6121208,-0.6530005
0.49103725,-0.6118697,-0.6261266
-0.6959738,0.6689748,0.18622719
-0.58206415,0.67398876,0.43247834
-0.31098917,0.70229185,-0.62336
0.9758323,-0.21616194,0.26676482
-0.6742274,-0.034795545,-0.6917252
0.011238067,-0.05533383,1.007859
-0.8028775,0.5516149,0.06998414
0.7323552,0.18254356,-0.686896
0.740093,-0.65783805,-0.22888389
-0.6567322,0.6752101,0.2907666
0.88021106,-0.52545244,0.009848908
-0.7895148,0.26651856,-0.492314
0.93848723,-0.39834645,0.14639553
0.62711537,-0.5903729,0.5481684
0.24351227,0.18952791,0.9722893
0.3441102,0.370026,-0.8707927
0.51165795,-0.85649556,-0.13566345
0.027583487,0.4756457,-0.87513095
0.8469713,0.31322315,0.51202404
0.87104404,0.41132453,0.38872012
0.85322285,0.46332207,0.36850098
0.60899925,-0.69034076,0.43468833
0.39411122,-0.82824033,0.41963413
0.35759395,-0.81900245,-0.44535664
-0.57176757,-0.7746489,-0.10252115
-0.89653087,0.036960695,0.36962327
-0.94411725,0.1725883,0.122625194
0.7182604,0.7194018,0.19300027
0.6954474,0.71166134,0.2839644
0.8413375,0.5596906,0.2363946
-0.73332316,-0.4176035,0.48344654
-0.7104747,-0.21697247,0.6350574
-0.5537431,0.044692487,0.8170174
0.39100224,0.0035736714,0.9453567
0.8779023,-0.5277146,-0.02780815
0.5575373,0.85087895,-0.1418633
0.45485777,-0.14066671,0.905829
-0.777408,-0.5632547,-0.07836639
-0.94040936,0.056952666,0.21973178
-0.7141384,0.66906935,-0.051749043
-0.5926202,0.77216756,-0.14834753
0.75358385,0.6662322,-0.22713672
0.5041795,0.082896076,0.8912897
-0.7429767,-0.5992281,-0.13142742
-0.7542557,-0.5920436,-0.095073834
0.8534848,0.58714813,0.032682274
-0.9615459,0.06843296,0.040449988
-0.92045337,0.20500748,0.22699876
0.47019598,0.3699704,-0.8160593
-0.043129887,0.5744949,0.83275604
-0.34203023,-0.9112474,-0.067446455
-0.6488146,-0.7065405,0.13488448
-0.6137208,-0.7409652,-0.09807255
-0.32631403,0.6505931,-0.6675116
0.7864543,-0.20004012,0.63709664
-0.75276583,-0.60196674,0.04788993
-0.07843397,0.2157354,0.98247457
0.7055512,0.693471,0.30463055
1.0122917,0.05344735,0.22430648
-0.6474525,0.20860097,0.71281433
0.5072053,0.2805781,-0.82967085
0.116966784,0.23077379,0.9826283
0.47198474,-0.08919333,0.904906
0.8716907,-0.5357992,-0.04526304
0.85372066,-0.46403217,0.33618876
0.041628428,0.61930037,-0.7833966
0.5415205,-0.84818316,-0.069653
-0.26401708,-0.82869774,-0.44180644
-0.1317562,-0.6681719,-0.70396525
0.668003,-0.7587845,0.10132099
-0.39634627,0.22107223,0.8871345
0.06795353,0.76947945,-0.64068615
-0.3015718,-0.8851032,0.29776114
-0.7796931,-0.56676835,0.0001771658
0.107240126,0.8216303,0.591808
0.65140855,0.68437713,0.42079985
-0.58805865,0.7175561,0.3436353
1.0147294,-0.09230942,-0.16875468
0.5733267,-0.77563226,-0.2940524
0.7796864,-0.37316573,0.55791324
-0.72573847,-0.6281434,0.113097265
0.35412052,0.8350149,-0.45889714
-0.9596039,0.07016536,-0.057248816
-0.7463077,-0.6105132,0.042085268
-0.6971054,-0.5917002,0.32445252
-0.9341371,-0.13140267,0.20487712
-0.92554164,-0.08495014,0.26635468
0.63998735,-0.06632905,-0.7831078
-0.6990051,-0.66520905,-0.032255545
-0.718873,-0.56609684,-0.30017042
0.52414984,0.8777751,0.11512834
-0.5209583,-0.8042399,-0.14640762
0.66988957,-0.7364702,0.20974533
-0.4676665,0.6694237,-0.54871875
0.81954354,-0.5851709,0.18661247
-0.47818625,0.5921577,-0.6202022
-0.72009206,-0.6272172,0.15288985
0.44311413,-0.7523906,0.511982
-0.9323784,-0.04283756,0.25254044
0.6228682,0.6986701,-0.41772905
0.8693037,-0.21881212,0.51370674
-0.65121275,-0.7149162,0.021147069
-0.70458156,-0.6554526,0.09216525
-0.6990241,0.6648261,-0.16817638
0.38689962,0.39618945,0.8641091
0.32099238,0.92923003,-0.26540422
0.26121873,0.26700315,0.9505787
-0.77485025,-0.57363,0.0077549485
-0.954744,-0.06643952,0.118560724
0.67805266,0.13044472,-0.7472352
0.55551803,0.07343875,-0.84201586
-0.76873326,-0.57296026,0.1137146
0.94625664,-0.40054065,0.061558034
0.72596794,0.73101217,0.089098416
0.4714379,-0.85153884,-0.24753338
-0.8050761,0.10086584,0.5432418
-0.8611131,-0.11543985,0.43291238
-0.16984548,-0.94996333,-0.17345114
-0.8578893,0.42932102,0.16985947
-0.6349015,0.73025477,-0.16922243
-0.81928825,0.5109495,-0.12393593
-0.5404731,0.76675284,-0.29991692
-0.34345418,0.70950955,-0.5962418
-0.5184822,0.8338187,-0.113397434
0.65530187,-0.18106742,-0.7511725
0.39216283,0.110561095,0.9396407
0.79080445,0.28829676,0.60535204
-0.7333995,-0.6020484,-0.16708627
-0.7823346,-0.5630181,0.020701606
-0.35034984,-0.9110667,0.0053017163
0.92386436,-0.4496737,0.009952324
-0.39256376,0.89615583,-0.17055894
-0.12560192,0.76688254,-0.6241173
1.0277183,0.078601494,-0.1020903
-0.17274325,0.43722716,0.8905628
0.2622512,-0.778728,0.5805701
0.32294357,-0.43976432,-0.83493656
0.37767836,-0.2827636,-0.88243604
0.45113727,-0.3690185,-0.8163251
-0.102383256,0.578889,0.8217993
0.49910122,-0.18918265,-0.8531801
0.27451423,-0.7407855,0.6251356
-0.3465572,0.7442382,-0.55167824
1.0035377,0.114557266,-0.22170115
0.31010792,0.13739288,0.96386206
-0.95117176,0.008486348,0.16779888
0.58468246,-0.7692906,-0.2901086
-0.9254086,0.07229202,0.27733886
0.87246376,-0.50649035,0.1920587
-0.59585893,0.78546757,-0.015896352
-0.44619364,-0.70898414,-0.48820373
-0.8998243,-0.25885898,0.23549436
-0.78592724,0.21641006,0.5411442
0.00661676,-0.5713134,0.822719
0.50893104,-0.86808854,0.07091943
-0.65225196,-0.71242255,-0.037579477
0.22614104,0.88319105,0.46147105
-0.78705496,-0.18170263,-0.5232899
0.53733015,-0.6735418,-0.51901275
0.2332124,0.31881258,0.94128585
-0.13513762,0.996036,-0.012710379
-0.14506097,0.987818,-0.10429528
0.48499432,0.1466442,-0.8729931
0.09675721,1.0048795,-0.083409004
-0.5162343,-0.7552958,0.3378707
-0.5772127,0.46541253,-0.63548636
0.7529968,0.29007164,0.64961636
0.77239037,-0.010366059,0.68699116
-0.8716369,0.06907343,0.4253407
0.70225894,-0.72623324,-0.10312135
0.6142848,-0.8048255,-0.004809337
-0.14253265,-0.09488702,0.9885273
0.5343035,0.6178857,-0.6092004
0.95821846,0.30392104,-0.24346778
0.06642372,-0.3437049,-0.9240623
-0.7739792,-0.5536857,-0.14564754
-0.67227536,0.16972235,-0.67713475
-0.4895578,0.34139654,-0.7734067
-0.67574996,0.23456952,-0.6551765
0.8746693,0.11458124,-0.5248989
-0.7976315,0.02661897,-0.5411768
0.907292,0.2637237,-0.4111183
-0.6864362,0.702179,0.007390725
-0.07001775,0.24350226,0.97717637
-0.6984656,-0.6636282,0.07928671
-0.022452636,0.5132527,0.8731757
-0.7454884,0.63429946,-0.008751794
0.56881887,-0.611063,0.5842953
-0.71572244,0.6066163,0.2928079
-0.60354084,0.63779074,-0.4343787
-0.60899293,0.75401735,-0.1674589
-0.71063596,-0.6521406,0.056031782
-0.6224499,-0.7356175,0.10178084
-0.7804489,-0.5339764,0.19931668
0.7453414,0.15565099,0.70064205
-0.7397231,0.6381546,-0.056908593
-0.75569487,0.5882951,-0.18841964
0.057974838,0.41637877,0.9243332
-0.7539163,0.6133803,-0.102537
-0.5708171,-0.77129906,0.14879306
-0.73454297,-0.6164284,-0.09866872
0.37643903,0.6466344,0.7035443
0.96680903,0.36888075,-0.06879352
-0.62878877,-0.7121282,-0.17532788
-0.016872566,-0.33292806,-0.927055
0.5972793,-0.57554966,-0.5737233
-0.9548471,-0.11151497,-0.039345317
-0.54514927,-0.8018558,-0.019902192
0.76107305,0.47819436,-0.4962013
0.7857308,0.5956279,-0.30072877
-0.8022247,0.55293673,0.06709995
0.06521369,0.64500517,0.78327626
0.40867782,0.916309,-0.19458668
0.01841216,0.12821539,1.0033447
0.8113918,-0.59769785,0.17968331
0.9696186,-0.32121804,0.14667632
-0.8308105,-0.47957188,0.095468484
0.103357345,0.4134666,0.9234192
-0.3403406,-0.85873294,0.3289004
0.5296823,-0.37472674,0.7899706
0.9026061,-0.035172988,0.5078505
0.44181427,-0.40462947,0.82448435
0.38575935,0.8743886,0.37465099
-0.021494227,-0.5237526,-0.83256257
0.46349105,-0.22143516,-0.863384
-0.6349063,0.36989018,0.65899205
0.5661953,-0.78663,-0.27747664
0.34310934,0.8831773,0.39172933
0.46025017,0.80888176,0.43921506
0.41189575,0.8771717,0.34042957
0.94118464,-0.39930418,-0.10292556
0.46465644,-0.84302735,-0.28455454
-0.6632665,0.18091582,-0.6836571
0.8120615,-0.59820473,0.17471986
0.43063128,0.14514802,-0.8987811
0.87557596,0.5225724,0.19513197
-0.33289662,0.6626461,-0.65231067
0.9886141,0.27097383,-0.14987975
0.9352684,0.2068988,-0.381572
1.0213346,-0.15376158,-0.040938515
1.0139071,0.18100809,-0.11425884
-0.33127874,-0.87281555,-0.27857462
0.9919774,0.2997345,-0.048724204
0.6043732,-0.6035682,-0.5368934
0.5754217,0.84651,-0.097021244
-0.6746718,0.29381156,-0.63344896
-0.7142644,0.25616434,-0.60322654
-0.59282714,-0.76354784,-0.052964136
0.9440704,0.4289358,-0.028205525
-0.6630377,-0.7005154,-0.0560859
-0.67584145,0.6764545,0.23422712
1.0225413,0.17475772,-0.015414929
1.0215948,-0.04695846,-0.15065794
-0.81656605,-0.5010346,0.111464486
0.7844767,0.37779468,-0.5426681
-0.8507821,-0.40588987,-0.18731134
0.04166478,0.55235004,0.8512449
-0.6323454,-0.4156894,-0.5984392
-0.6492128,-0.6849802,-0.20276907
-0.6889875,0.6939522,-0.07688893
-0.584032,0.7704695,-0.18584801
-0.62721187,0.65490395,-0.37069124
-0.76617396,0.4452117,0.41966507
-0.719869,0.66031665,-0.07126807
0.8040285,-0.51089495,-0.36134028
0.661545,0.17350593,0.7737813
0.58615834,0.831868,-0.14483975
0.8271403,-0.13689739,0.6043168
-0.42669204,-0.8662761,0.13591795
0.5117809,0.27012488,-0.8303815
0.39872578,0.9365227,-0.10062079
-0.65118575,-0.46234927,-0.5401673
0.30283818,0.9507567,-0.20426287
0.77947235,0.4530345,0.5128736
-0.81609946,-0.23291361,-0.45195943
-0.6987649,-0.65523565,0.13513568
-0.8592999,0.022733724,-0.4342066
-0.30384517,0.7169373,-0.6109724
-0.69783586,-0.6286471,-0.21689297
0.6504706,0.7962659,0.09047499
0.09159838,-0.22166134,0.98134446
-0.015000947,-0.8980906,0.42353934
-0.9534477,-0.08027847,0.119616754
-0.158274,0.3120447,-0.92318946
-0.80116767,-0.53514934,-0.0014042605
0.8644605,-0.43470675,0.35021427
-0.76705027,0.6065272,0.005067341
0.45393533,0.22870332,0.8925919
0.7466412,-0.27641782,-0.63212353
-0.62594104,-0.68573767,-0.26483628
0.043507528,1.0038737,0.13035482
0.47905892,-0.8344318,0.30880767
-0.9157578,-0.26957512,0.1315697
0.8125085,-0.22491649,0.59508777
-0.11708773,0.99845666,-0.029916998
0.93966544,0.44002873,0.0017836702
0.9053849,-0.45330337,-0.16020595
-0.846361,0.42744312,0.22829531
0.9766725,0.3336509,-0.09816492
0.5285987,-0.16024256,0.86381036
0.84120345,0.56077975,0.2342155
0.55157685,0.3003403,0.8171708
0.9098508,-0.19834992,0.4498538
-0.944408,-0.16108473,0.10227401
-0.054069497,0.81846833,-0.57272154
-0.12940978,-0.15373981,0.98267287
0.51105523,0.8521446,0.2698914
0.5791213,0.8268667,0.21030581
0.44946522,0.353343,-0.8335491
-0.70056653,0.04336503,-0.66481954
0.53529215,0.38795277,-0.7700386
0.53250927,0.27905288,-0.81547505
-0.76660365,-0.034038298,-0.58393157
0.44466943,-0.60027105,-0.6674638
0.46805587,-0.6081611,-0.6454535
-0.9346567,-0.111149445,0.21576606
0.58530897,-0.81826246,0.114189215
0.52934605,-0.5119938,-0.68482107
0.4479876,-0.3850139,-0.810368
-0.9062133,-0.32230592,-0.009255146
0.8039165,-0.59366214,0.2227316
0.57769555,-0.7482947,0.37127414
0.55073905,-0.66477317,-0.5174189
-0.30396673,0.8153631,-0.47682554
-0.39766115,0.73188496,-0.53010243
-0.7640487,-0.58797354,-0.010458192
-0.83610004,-0.47271612,0.079075396
0.7656657,0.43587846,0.5467549
-0.79205817,-0.53313494,0.14271735
-0.79488873,-0.4796506,0.27148375
-0.96016455,0.090127215,0.036879275
0.702168,0.33828193,0.6809552
0.37137207,-0.32672635,-0.8691729
0.6538356,0.59838295,-0.51291615
-0.72577244,-0.59618664,0.23473941
-0.84776545,0.2541664,-0.38868228
-0.74555403,-0.60095674,0.12859793
0.40547162,0.58866,-0.71776515
0.6335227,0.31545946,-0.7317545
0.20019339,0.98105985,-0.1695524
-0.9180561,0.25014508,0.18916662
-0.24856625,0.75487983,-0.5942976
0.7957535,-0.49285173,-0.40111035
0.3499391,0.9594559,0.058647607
-0.7577786,0.13927393,-0.5836885
-0.93961084,0.123734646,0.1969439
-0.81787515,0.046654604,-0.5082888
-0.0007501899,-0.59984654,-0.7803987
1.0195346,0.19372602,0.01476227
0.94452465,-0.40710172,0.028344888
0.8545976,0.5789067,0.1004066
0.83605605,-0.48734266,0.34507453
-0.31187284,-0.14447255,-0.91401935
0.3667629,0.64018035,-0.6932598
0.54492116,0.6468602,-0.57030296
-0.67195666,0.6083183,-0.36597452
0.39184335,0.90302736,-0.26913893
-0.9124876,-0.30247,0.04717029
-0.76255935,0.028452788,0.6115778
0.47523782,0.12784703,-0.88054574
0.48939127,0.26752338,-0.8434399
0.4588592,0.5684113,-0.7044011
-0.8221223,-0.4772619,0.16688992
0.38502663,-0.8777349,0.30764705
0.36600825,-0.9192347,0.17090929
-0.7632077,-0.58945256,0.012780993
0.45960018,-0.48766035,0.7667474
0.5127768,-0.44759238,0.76045704
-0.83761305,0.47957647,-0.118940994
-0.7198579,0.6517956,0.14333405
0.52985406,-0.8586219,0.013170674
-0.75446355,0.4568966,0.42977443
0.5257806,-0.8463796,0.16899608
0.46814597,-0.6167318,-0.63719326
-0.95245093,-0.010540902,0.15799475
-0.7074826,0.3855437,0.5640195
0.8518816,0.38528267,0.45188877
0.5717198,0.42007542,0.7494018
-0.77675647,-0.058996946,0.5882517
-0.5841426,-0.16574286,0.7743875
-0.8479695,-0.4554698,-0.005670542
-0.639547,-0.72578555,0.021363653
-0.79837346,0.17677762,-0.5147632
0.6382698,0.8015514,0.124065556
-0.838649,0.48736784,-0.07652315
-0.7807121,-0.28598276,0.504477
0.40619248,-0.23539114,0.9061838
-0.1835917,-0.098841876,0.97967964
0.24913178,-0.72209436,-0.63546336
0.7291439,-0.6313811,-0.31708583
0.667284,0.77737916,0.13196701
0.67494524,-0.6152394,0.45746347
-0.775161,0.5910506,-0.06116883
0.4808485,0.09242879,0.9024718
0.51190305,-0.16672516,0.87191224
0.6492924,0.06588601,0.79861957
-0.008266516,-0.80110425,-0.57124764
0.44322214,-0.2977751,-0.84929055
-0.9276281,0.16106747,0.23004004
-0.9320283,0.020966923,0.2596485
-0.5952988,-0.755714,-0.10351279
0.009221241,0.6807481,0.7525882
0.060033865,0.52966285,0.8651109
-0.86327195,-0.42461684,0.03864301
-0.74345094,0.16196807,-0.5971859
-0.78499824,-0.5441379,0.14100428
0.5649343,-0.7045009,-0.44622254
0.5831205,-0.808861,-0.15896332
0.87873,-0.51055187,0.14553891
0.5075942,0.22142415,0.8669541
-0.64777315,-0.7175026,-0.022352157
0.9500813,-0.20709005,0.35315895
0.245715,-0.58028847,-0.768333
0.3148223,-0.5441502,-0.77327883
-0.65488017,0.17690246,-0.69296795
0.7389237,0.6737187,0.26993656
-0.8493574,0.21972616,0.4251065
0.6734944,0.47825602,-0.6026737
-0.72829354,-0.6094295,0.18423867
-0.023538223,0.14916305,0.9989997
-0.6735224,-0.39746776,0.58408016
-0.7284796,-0.628727,0.085336514
1.0260382,0.09929779,0.123337574
0.866041,0.52351475,0.23192413
0.34178752,-0.04705538,-0.94004947
-0.7923761,0.43274784,-0.35762432
-0.5190067,0.8003091,-0.25182366
-0.74021846,0.5021569,-0.38434675
-0.4451671,-0.7889402,0.3682057
0.44981366,0.9051226,0.1830617
-0.51964414,0.5195275,-0.6471741
-0.77216446,-0.55991846,-0.13175856
-0.9602242,0.051534023,0.0824382
-0.9199335,-0.28013366,0.036414288
0.5221444,-0.6043145,-0.6102989
-0.85196745,-0.35915747,-0.26122326
-0.6372914,0.25583258,-0.6869757
-0.7883273,0.0094271265,-0.5552036
-0.609544,-0.7286782,0.19882
-0.69552606,0.599735,0.3537239
0.4704626,-0.85415304,0.26109138
-0.39323816,-0.86852473,0.21451737
-0.92081034,0.008820997,0.2999099
-0.42557818,-0.8689318,0.120482676
0.5419597,0.86505747,-0.112742186
-0.6234236,0.17070635,-0.72393084
-0.68610936,0.3586089,-0.5873545
-0.7257738,0.049849525,-0.63587654
-0.70288444,0.62820345,0.280074
0.44443563,-0.66904104,-0.5985896
0.7811383,-0.39300305,0.54140896
0.5528063,-0.83926797,0.110978335
0.5335026,0.71024305,-0.5034974
-0.9428813,0.13221955,0.1729482
0.6881328,0.7644314,0.098215975
0.26974332,0.3868517,0.9072462
0.76103604,-0.676282,0.058532503
-0.6181769,0.5728602,-0.49561226
0.47500762,-0.8719361,0.17710632
0.18955874,-0.46724924,-0.85430485
0.6033771,-0.3604507,-0.72474855
0.6913356,-0.61023253,0.44041306
-0.36289966,0.2554041,0.89408267
-0.3544642,0.3039323,0.8830375
1.0159134,0.14159943,-0.14273615
0.9631814,0.38628224,0.026282057
-0.68706644,0.39311504,0.585485
-0.6416288,-0.5912217,-0.4109412
0.56608325,0.117909804,-0.8310336
-0.9607017,0.006301746,-0.066094026
-0.9447413,0.09428249,0.1851124
-0.5634406,0.46110103,-0.65124834
0.7148428,-0.35292396,0.6484527
0.2551924,0.2648035,-0.93182236
0.12666135,0.62389076,0.79547167
0.48794293,0.55717236,0.716006
-0.07831851,0.99749213,-0.10760901
0.91301316,0.33435756,-0.34597614
0.61141175,-0.8056798,0.056738697
-0.63038194,0.356268,-0.65016836
0.7695324,-0.0700385,-0.6647939
0.7112056,-0.15435235,-0.7087794
0.7526506,0.6703272,0.23923706
0.39911488,-0.90720665,-0.1479825
0.9696065,-0.15082633,-0.31026897
0.94754714,-0.13765796,-0.37379986
-0.0153039135,0.20343044,0.9903596
0.34784496,0.62092096,0.73916626
0.2993748,0.64229554,0.74007183
0.3622917,0.57531023,0.76897573
0.44128168,0.50582635,0.779349
0.48870903,-0.8764123,-0.0771474
0.7591633,-0.66386676,0.15851815
0.800491,-0.63391006,0.01628306
0.61022013,0.14601532,-0.7973797
0.32021347,-0.06612648,-0.9453642
0.5213495,-0.02659735,0.8840909
0.6164483,0.6348842,0.5342329
0.85150117,-0.325167,0.48203343
-0.8216953,-0.4423373,-0.23069414
-0.8165876,-0.47296858,0.20568275
-0.7775643,-0.5682682,0.053260416
-0.24585268,-0.81948054,0.49044576
-0.043710314,-0.903176,0.40743646
-0.53297985,-0.4893659,0.66258764
-0.803469,-0.5300031,0.05368847
0.55673,-0.60624516,-0.5795895
0.18348253,0.63064814,-0.7606789
-0.33327588,0.88155645,0.33552447
-0.3479583,0.9105756,0.21843478
0.86808157,0.5138165,0.24604179
0.66905457,0.78507173,0.036777608
0.7213776,0.73726976,0.06917994
-0.3889598,0.6233691,-0.65614086
-0.5874857,0.75109375,0.26190385
-0.66102874,0.7094328,0.17167516
-0.87646407,-0.2669044,0.30948088
-0.75038403,-0.5627097,0.23788306
0.884815,0.4054479,0.3634121
-0.7072562,-0.5697872,0.34141946
-0.5955237,0.7749098,-0.12134756
-0.32776582,-0.8627019,0.33263814
-0.29249674,-0.827565,0.4445052
-0.1749296,-0.95007235,0.1877672
-0.61623234,-0.74474996,-0.04237723
-0.94803524,0.07270546,0.17524357
0.05422381,0.5807378,0.83210284
0.335915,-0.41478208,0.8641258
0.3093975,-0.24187914,0.9385238
0.5426536,0.25858566,-0.8157045
-0.6788243,0.7076216,-0.047948297
0.83892965,0.6005378,-0.08162995
0.89131784,0.09281283,-0.5018344
0.5205109,-0.6400016,-0.5741091
-0.90919,-0.024530739,-0.31313887
0.8268146,-0.018329708,0.6221955
-0.86517024,-0.41521543,-0.06366845
0.82483184,0.5587358,-0.2696633
0.97551334,0.31479734,-0.15013826
0.5800128,-0.7930456,0.2507081
0.7237832,-0.6711799,-0.2384333
-0.1495792,0.44063783,0.894096
0.5097564,0.34003475,0.8275212
0.3053606,0.15688975,0.9624307
0.5359157,-0.17144822,-0.83643734
0.35323536,0.523912,0.80827993
-0.6654794,0.61700976,-0.36421287
-0.72803,-0.6281771,-0.07333121
-0.6744605,-0.678015,-0.13042599
-0.7533896,-0.5977534,0.08501931
-0.79619354,-0.50312746,-0.19554117
-0.66536653,0.36420706,-0.6084141
0.9026471,0.464937,0.21917947
-0.48160303,-0.8343316,-0.11971169
-0.75327665,-0.40549693,0.46083757
-0.87660664,-0.39360154,0.062300846
0.71223235,-0.71446997,0.13965608
-0.3930825,0.6541919,-0.6236816
0.77925795,-0.56401104,0.35290924
0.9123186,-0.4136218,-0.21827546
0.49407497,-0.47894943,0.7522253
0.6979484,-0.7201797,-0.15543501
0.9823019,-0.20070751,0.2559844
0.43050817,-0.7955199,-0.43004
-0.7930605,0.10240191,-0.5407339
0.44862905,-0.8285075,-0.3432457
0.62166375,0.66664004,-0.4668065
-0.6407717,0.7447369,-0.047101766
0.46884674,-0.12890011,0.9010864
0.89042866,-0.47554892,0.1940027
0.4683183,0.09876048,0.90801036
0.23207073,-0.70866084,-0.65565425
-0.030510452,0.47182703,0.8954168
0.5484748,0.13959002,-0.83886766
0.5480114,0.5471376,-0.6611028
-0.79771906,-0.16224886,0.5340832
-0.55722195,0.2130974,-0.76863176
-0.8076329,-0.026697522,-0.52463686
-0.65145916,0.12793872,-0.7060365
-0.5798771,0.7686421,-0.20506129
-0.36121413,0.53672105,0.7625044
0.9778504,0.2858643,-0.1848273
0.9061986,0.44966197,-0.21557696
-0.57697886,-0.7664098,0.14917696
-0.74381936,0.22654155,-0.57691103
0.27101856,-0.1256255,0.97279674
-0.50064725,0.24220707,-0.8009246
-0.94361776,-0.045792863,0.2011972
-0.85315084,-0.42800334,0.13665506
-0.94874215,-0.014618107,0.18043256
-0.70797694,0.13763155,0.66610026
-0.69577056,0.6900507,0.065559246
-0.40746763,-0.68712,-0.55128753
0.23275062,-0.725997,-0.63620967
0.5573349,-0.84109783,-0.03762426
-0.9527699,0.09377286,0.13202378
0.29929057,-0.47951686,-0.8203606
0.4790092,0.2293906,-0.85933685
0.8779129,0.5252083,0.17621762
0.6849146,-0.5656255,-0.48634002
-0.7919923,0.26343358,0.5105613
-0.37294605,-0.62066126,-0.64788485
0.23689048,-0.29841,0.93988955
0.8271076,-0.055255245,-0.598144
-0.47837138,0.8667373,0.06494206
0.7965839,-0.118994035,-0.62610924
-0.67926615,-0.4158793,0.5631542
-0.82614136,0.007810164,-0.49566177
0.5416632,-0.8078062,-0.2616875
0.95343435,-0.10060366,0.39312392
-0.64421594,-0.5542095,0.47645476
0.8105132,0.090952195,-0.6175554
-0.002365791,-0.30134168,0.9595261
0.38026118,0.6784872,0.670957
0.5725756,-0.7516343,0.3718749
-0.3539385,0.8491247,-0.37095347
-0.31847945,0.9460297,0.016548669
0.8256446,-0.37978756,0.48390108
-0.023788767,-0.37297168,0.93171906
0.5153479,-0.053340096,-0.8650642
0.748638,0.55206,0.45764744
0.8290116,0.49525508,-0.36017427
0.668665,0.15307592,-0.75121504
-0.7561738,0.40099367,0.4793145
0.07596153,0.60369164,0.81493086
-0.6578602,0.7225418,-0.09889944
-0.7683192,0.5453841,-0.24857166
-0.67407924,-0.26596197,0.657305
0.73020977,-0.55750364,0.4522398
-0.94760984,0.07712365,0.17607182
0.16184004,-0.27468914,0.9604209
0.4242502,-0.08320103,-0.9064795
0.53890306,0.85017586,0.21880056
0.35954937,0.33523968,-0.8787116
0.7988582,0.005920906,0.657353
-0.74404365,0.06441414,-0.61261755
0.66718185,0.7600172,-0.19263239
-0.030894106,0.4884677,0.8865241
0.7372359,-0.3696193,-0.59277743
-0.001632771,-0.22247516,0.9819771
-0.48113298,-0.7813683,0.33312932
-0.83207273,-0.39596707,-0.27264613
0.8176821,0.37459773,-0.49697712
0.48971266,-0.8768865,0.08726994
-0.77319485,-0.57281435,0.07074823
0.54547447,0.5204718,-0.68341684
0.106492855,0.40044928,0.92881143
-0.65095025,-0.7034685,0.14064972
-0.9403542,-0.009774288,0.2239212
-0.063761294,0.31490612,0.95785165
0.5711452,-0.71361077,0.44485754
-0.6515591,0.541909,-0.48462433
0.9004108,0.12249569,-0.48054013
0.4476395,-0.5548866,0.72486633
0.5491648,-0.5024975,0.698299
0.5462979,-0.48920012,0.71012825
-0.3391989,0.8359737,-0.41219735
-0.34075344,0.9359863,-0.038736455
0.9690568,0.37114555,0.031734288
0.75381166,-0.31375712,-0.6058232
-0.8446203,-0.09987195,0.4703405
0.47570142,-0.5517202,0.71051913
-0.8051794,0.03835589,-0.5291259
-0.76057,0.19703646,-0.5643677
-0.7348969,0.31365743,-0.5496483
-0.9192952,0.30511647,-0.006779927
-0.7983324,0.10616828,-0.53206974
-0.5874078,-0.5445318,0.56008214
-0.7928296,0.03777042,-0.5479492
-0.7539873,0.2885548,-0.5358609
-0.66490006,0.050865646,-0.70141286
-0.40447974,0.81851524,-0.3817596
0.46565276,-0.555753,-0.6927208
-0.3154981,0.5282597,-0.76984817
-0.89842165,0.2777988,0.24505837
-0.50965077,0.59780735,-0.58767295
-0.536206,0.0020803902,-0.8094241
0.15047482,0.48681548,0.8825628
-0.9001935,-0.056427874,0.35434675
-0.44728032,-0.8212186,-0.26036087
-0.8401928,0.4508276,0.20613638
0.8988066,0.16302803,0.49319714
-0.7184348,-0.64412975,0.04094408
0.73464113,0.7075,-0.15531842
0.66835004,-0.73070276,0.23462388
0.09065271,-0.27189663,-0.94719017
-0.76031196,-0.5528921,0.22765534
-0.7974342,-0.53449726,0.094594784
-0.9421841,-0.040349297,0.20990223
-0.46850643,-0.8482961,-0.070318416
-0.70727116,-0.6549458,0.068438075
-0.0886349,0.2679234,0.9687334
-0.30853423,0.94912905,0.044911668
-0.7664414,-0.58199424,0.07143525
-0.5679976,0.36858284,-0.7016365
-0.8879724,-0.36999968,-0.00859553
0.5576901,0.46816936,0.7310247
-0.90812695,-0.283699,0.15540132
-0.08323993,-0.6502935,-0.7300367
-0.79135096,-0.5380413,0.1257903
-0.45646822,-0.8589912,0.0052963262
-0.7594754,-0.59212816,0.062722914
-0.6184705,-0.7231372,-0.16867757
-0.90122414,0.3577475,0.038512863
-0.6855942,-0.6769578,0.08340858
-0.5758609,-0.5479505,-0.5487439
0.59656405,-0.03716959,0.8373303
-0.62166286,-0.59836304,-0.4318097
0.3602534,0.01976033,-0.9356671
0.33300564,0.05458699,-0.94361115
0.66143245,0.29512304,0.73745203
1.0084403,0.24568169,0.0042688716
1.0117326,0.23063442,0.031798165
0.2104773,0.6877753,-0.70503134
0.38278997,-0.5266257,-0.7582573
0.4926724,0.8923188,-0.11318008
-0.94551134,-0.17652823,-0.0164657
0.6638333,0.35811165,-0.68665946
0.08554322,0.45455855,0.9053412
0.025881033,0.27414256,0.97511935
