tsne_x,tsne_y,tsne_z
7.5760527,6.1664324,-2.1552656
-10.623923,-5.4494205,-0.25852323
4.6058517,-6.0122213,-6.9027095
-8.19688,-4.811797,4.560423
-7.964577,3.8992949,-8.661517
3.6815057,2.9827642,-8.849501
-8.221941,7.9022627,0.77088326
6.2421174,2.6074562,-7.7707753
-10.184302,2.3186939,-5.316698
8.645756,-1.9864802,5.4880476
-3.3460715,9.814738,-2.1059368
-4.3118396,9.165221,0.7979712
-6.052937,8.529948,2.0317454
-5.026364,9.741782,-0.6398013
-6.544016,9.042114,0.923953
-6.628533,9.450462,-0.4766383
-4.7625475,9.816637,-1.2097421
-6.7416267,9.071828,0.66569114
-6.2931705,7.4494777,3.188431
-6.167713,8.713567,1.7293174
-6.5511484,8.686005,1.6111698
-6.635519,9.310766,0.113168284
-4.1493382,7.192187,3.352934
-5.7001376,7.7840347,3.0022795
5.884736,-7.9338055,-4.06145
-9.188088,-5.560207,3.4439857
-2.7990012,9.4510565,-0.3368729
-4.1023636,9.282982,0.51700026
6.498453,6.826497,4.758675
8.883394,-7.459275,2.1046224
0.17664072,4.7381845,9.239821
9.855862,-6.341052,2.1677287
3.5740266,6.4021015,-6.4979258
2.6945937,-5.2429194,-7.213732
-5.926508,6.1099443,4.1498413
6.296842,2.4125369,9.326814
8.108043,-4.7899065,-4.958464
-8.388151,8.202037,-0.36277243
-4.288606,-6.10393,-5.6198215
-9.751925,-8.609791,-0.6866942
6.164923,2.8330986,9.241144
5.8400073,5.7531085,-5.394172
3.5899434,-0.72939956,-9.110241
3.7169027,1.765129,-9.169438
5.507928,1.1571455,-8.700086
4.5781813,-1.4365237,-8.977735
3.3862538,8.985974,0.005602295
-12.627675,0.9306576,2.0491087
-3.8610127,9.396546,0.1716576
-9.071535,2.8787727,4.6476827
-10.20201,-4.3172665,2.349503
9.697523,4.1014047,-0.8393188
-9.219991,6.891663,-1.1061876
8.153149,3.4531963,-4.492464
-5.8933787,7.9163513,-5.739714
8.891792,-3.388746,-4.499063
-5.327384,-10.002264,2.0757809
-6.4573307,5.792079,4.184222
-7.670481,5.576272,-7.4744434
-8.071234,4.8886704,-7.953066
10.3942175,0.5556666,0.8666121
9.147448,5.330932,1.4470645
5.730126,7.8285193,3.8488934
10.440829,1.331301,-1.1584095
-9.761202,-8.714274,0.944046
6.9058676,-5.312392,-5.896811
6.481339,6.3721604,-3.551979
8.763509,-1.2301327,-5.372416
3.8031814,-7.0733113,-5.782572
1.9942961,-2.4097075,9.708106
-1.001505,8.354064,-6.6303916
6.3570967,-0.94099385,-8.546875
-6.7237306,3.874336,-9.200188
10.560308,-2.950983,0.5291935
-4.3297496,-6.358923,-5.4216194
-9.007637,-6.434635,3.3650322
4.857876,-2.6523983,8.889318
-8.78108,-5.7217283,-3.3216574
7.5214524,7.375967,0.3919202
7.490612,7.625969,1.223629
-5.209804,6.627682,3.9561265
8.769244,3.078648,4.591647
6.5262384,1.2516539,9.306979
9.383717,-0.89132476,4.099119
8.574638,-6.038113,4.3168936
7.870029,2.3986764,6.502007
6.841433,5.854059,-3.8189974
-11.929678,3.215654,1.3198891
9.126399,-1.9285103,-4.485802
-11.079313,3.7986512,2.441352
-2.3926,9.755721,-3.6459126
4.6761866,-8.27962,-3.8360126
-6.2715526,9.595866,-0.75151217
-6.908996,0.92738557,5.8854704
4.401115,-3.0998166,8.846052
6.9350934,8.040857,1.0154877
9.41549,0.78256476,3.7962954
8.612938,-1.6564568,-5.6593947
5.468545,3.6596885,-7.934924
-2.0729618,-7.1284533,-4.9558854
4.134243,-6.469692,-6.5375023
3.1140208,-0.22879489,10.709901
4.3672633,1.6876276,10.97882
6.4729614,-9.095298,1.851612
5.409226,-8.030873,-4.1147203
6.0516577,-1.1005892,-8.700797
3.9129677,-8.258766,-3.9762912
-2.0296407,8.475538,-6.8355412
-1.9534637,9.091615,-5.796321
8.977745,5.5167575,2.0633657
10.349331,-4.6428685,2.2157276
10.294384,-5.5385675,1.6703199
7.0060925,-2.6083257,-7.7455106
-8.781336,-9.702738,0.8353946
-6.1071362,6.1143656,-7.8514857
-5.974783,8.97024,-3.5374668
6.5350466,-1.6167936,8.354893
4.461168,8.460436,-1.6912133
6.1547236,5.354256,-5.5431867
4.8584847,-3.5709655,8.37111
-7.298953,-3.6423829,5.5530624
4.42475,2.009452,-8.96779
6.9516172,6.2572994,-3.0781212
-6.051653,4.2812405,-9.128603
4.3097224,1.7170182,10.996583
4.040752,2.286238,10.974699
7.505542,-6.94388,-3.8698192
-5.915273,3.962108,-9.295415
1.520211,-0.07676272,10.754671
0.77035785,-0.18115003,10.467881
4.9136043,8.008948,4.046523
5.237255,8.080182,3.6747267
6.004533,7.4820623,4.252388
6.9232783,6.779027,4.423415
4.4323974,8.718754,1.387354
10.383712,-0.7606757,-0.46449232
10.542205,-3.1448843,0.22156194
2.5458508,3.360884,10.907151
-5.683416,3.927691,-9.3281355
-3.672327,-9.551809,-2.7107174
-7.348878,5.621339,3.8240583
-3.8667684,-10.046449,-2.0981615
7.98857,3.8473623,-4.405892
2.4681644,6.4115124,-6.8831415
5.8237305,5.558137,-5.6970296
9.945667,-6.29871,1.8656524
-6.3719363,6.930037,-6.730778
9.545966,3.7924364,2.4222765
0.29678047,-0.022910343,10.315569
-8.428492,2.1847696,-8.568388
5.8013616,-4.999876,7.0977345
6.490113,2.6227853,-7.5139985
-7.336333,7.6565557,2.393309
6.542858,-8.252712,3.5718904
9.9210615,-5.78958,2.658005
-8.187378,5.6605673,-6.6539116
10.536223,-2.7152624,0.26938018
0.72450405,-5.3719916,-6.7584486
-0.19045368,-9.988171,0.08742214
4.359208,8.769266,0.60204065
-10.466784,-5.8088374,-0.92246634
-10.946329,-3.4766283,-0.27334845
-8.342532,-7.438223,-3.0810456
-7.2280707,-7.9860625,3.7145145
10.516773,-2.518259,0.9088374
7.0432444,6.8126664,4.256526
-2.11095,-9.517769,-1.8830705
9.831588,1.6404291,-2.7198584
0.227917,-4.034764,-7.5058293
-12.655492,1.2601314,1.7783539
-12.275102,0.22853881,2.6744828
-0.67423064,-4.514751,-7.0531178
3.285705,8.453625,-2.6162205
0.24460903,5.465759,8.4763
-9.138907,-3.3964307,4.039881
-10.510538,0.31025788,4.3457766
8.6785755,-5.728848,-3.362604
3.4679604,8.3176775,-2.8174195
9.199208,2.6354833,3.8868659
10.032595,-5.8335013,2.388087
5.6547165,-0.89876246,-8.883478
-0.884411,-3.28994,-7.706966
3.3044024,8.497294,-2.472756
3.9700935,8.583597,-1.7541741
7.0244684,-9.034588,1.1892563
7.952325,-8.492243,0.7881253
-3.5246902,8.752532,-6.190245
-1.7942677,9.271951,-5.340615
-1.6047158,9.3469305,-4.9927373
3.399002,8.948586,-0.58169615
-0.8741946,9.394953,-0.4614908
-2.1808517,9.218342,-5.557364
3.3034382,8.782227,-1.5199751
-6.9842844,6.6083083,-6.610223
5.370696,8.177758,-1.2904167
3.928466,8.824468,-0.7543859
-1.1821711,9.431953,-0.56896865
-0.57970065,9.409852,-0.6167958
-2.6544342,9.328729,-5.2862854
-1.4892832,9.59884,-3.1907716
-10.468561,-2.965227,2.5508077
-8.26774,-9.837236,1.4156419
2.0339074,3.1449392,10.973367
-0.84808064,9.373156,-0.376076
-8.043693,2.4225054,-8.860532
5.9122214,-5.239467,6.8992057
-2.9053168,9.804874,-3.344223
-3.0934024,9.753506,-3.9649107
-3.4890153,9.71609,-3.8930087
10.298336,-1.2945416,-1.0672698
10.258046,-4.951272,-0.20331077
4.6059394,8.654226,-0.68046415
3.3060446,8.532982,-2.3654573
-6.0813293,-8.126396,-3.763815
-4.8309765,6.671132,3.933204
-10.931648,-0.9298948,3.5198157
-8.416133,1.5854774,5.2771063
-0.3484702,8.786773,-5.2233534
-0.2837478,8.510204,-5.82783
8.338196,2.8337948,5.490781
7.94532,-2.7316124,6.2598343
6.2972,-5.067114,6.771695
5.6029625,-8.199674,-3.7278275
8.798866,-6.4427896,-2.4565842
2.8192277,6.4370885,-6.7523665
2.8660028,3.7011905,-8.640375
5.024472,6.294943,-5.504238
-5.077567,9.611745,-2.7337296
5.946565,-4.698154,7.1662793
6.8312907,-8.888422,2.132748
-6.7972593,8.46383,-3.7066174
-8.651245,6.0124483,-4.923497
9.032845,-1.036757,-4.7968497
5.0049825,-6.5200086,-6.357719
5.283334,5.3918047,-6.4915347
6.6028714,7.1339116,4.28732
10.163556,1.5439601,-2.0386522
8.819235,-1.4365684,-5.265364
10.572624,-3.0890539,0.7960976
1.9855056,-6.581528,-5.9986115
6.359322,7.6076794,3.712926
-9.090614,4.802283,-6.2318196
6.549772,-5.663104,6.2363267
8.4931555,-5.226088,4.9083567
3.0634408,-1.174909,10.250736
6.4196568,-0.52930146,8.969441
9.882014,1.9843953,-2.485501
10.387688,-0.3597951,0.8329347
2.6626909,3.5108898,-8.715577
6.6617384,1.2277962,9.113476
3.0303953,3.4714146,-8.723233
6.626757,-1.6936975,8.22522
8.3747015,3.054567,-4.441657
8.422209,2.6187274,5.4451795
10.509944,-4.164217,1.7569975
6.757797,3.4615614,-6.656455
3.7715394,4.924603,9.06058
8.164782,-4.537619,-5.0676937
7.777718,-1.9665276,-7.079416
8.966048,-2.1334133,-4.8051424
-7.0871515,2.1786282,5.579206
-0.17231403,0.22098601,10.146295
-6.520628,-0.4479004,6.136297
8.361497,-3.7440073,-5.3285728
-5.247261,6.9924464,3.7198448
2.0492487,-8.451712,-3.6022828
-5.489092,-9.97645,-2.1460772
10.53416,-4.3302436,0.85873514
2.8625062,0.63735515,-9.247888
6.306089,-8.306366,-2.9218469
3.7241533,6.512815,-6.2792373
-8.375193,-2.2037823,5.0187864
-5.600857,-10.325183,-1.3266519
7.1594124,-7.150343,-4.0130067
2.4970055,7.2021184,-5.9310155
7.645802,-7.7620974,-2.4222949
-6.849695,1.2277267,-9.131018
-10.806514,1.1165323,4.1976843
-10.4661455,-0.23513715,4.2234983
3.5751848,-3.0330064,-8.435751
-12.644154,1.3691164,1.730344
9.026068,-6.9290476,2.8171544
5.710683,3.1944396,9.437235
2.5603123,-7.02575,-5.627229
7.806296,-4.964358,-5.212282
9.079311,-3.178412,-4.2177973
6.4343753,7.493713,3.8619285
-7.852219,8.396651,-2.301109
6.009006,7.9236617,3.3494582
2.0850368,-5.6404777,-6.797904
3.477158,-7.672419,-4.9106674
4.742308,8.500393,2.6299868
-10.439601,-3.9081366,2.068918
9.051482,2.9984467,4.072669
-7.2006893,8.002655,2.1205645
7.095982,2.5084345,-6.7785935
5.4088373,1.5566204,10.399136
-4.1129603,-8.274092,-3.9104073
10.35828,-1.7589145,1.4548874
5.987845,-0.50894976,-8.780363
4.3222365,2.732677,10.716395
6.254068,1.749634,-8.050346
-9.401153,3.2975926,-7.4227576
-11.161927,0.4709656,3.9183064
8.031246,-7.6041265,-2.22114
4.986065,-6.5822973,6.3976316
0.53531075,0.83245593,10.649824
4.110573,6.540592,-5.95882
-0.8688543,9.130242,0.44891277
10.27369,1.5457352,-1.7409713
-10.772627,-3.5802605,1.1370243
8.8875885,-6.2036176,3.826514
6.9253635,-9.067697,0.458091
3.5397205,6.206565,7.322782
9.415148,-6.1622806,3.1780405
10.331245,-4.4641366,-0.3913646
0.31750664,-0.38850415,10.198986
1.9820747,0.69904685,11.111603
-5.0769215,4.521307,-9.148421
2.102992,3.876255,-8.557924
-9.783467,3.4917028,-5.704681
9.591025,0.49826986,-3.4151168
7.0522165,-1.3231225,-7.920839
-10.378105,-7.221752,0.48880398
2.0588295,-8.447121,-3.6098716
2.5994089,9.073037,-0.4844704
-1.4590895,9.129941,-5.5101814
-1.5886302,-3.1468897,-7.6770988
10.416741,-0.4263737,0.0007263251
4.0528345,-3.9230962,-8.000938
5.603557,-2.1657727,-8.549542
-9.37866,-5.1512666,-2.90995
6.1281877,4.078317,-7.025641
8.291514,-6.6158943,-3.2107365
8.297478,-7.118125,-2.609897
-2.2460055,-8.227906,-3.7634444
6.397299,7.3527904,4.141399
7.0551996,-2.6428216,-7.696475
7.07898,-2.5111408,-7.7187657
10.436754,2.363709,0.13332495
9.362239,2.635913,-3.095056
7.6426644,-8.629741,1.6140442
4.417024,-1.6097159,-8.943977
9.813896,3.9261293,1.0366558
-7.587815,-9.080608,2.8376088
10.404277,-0.08220354,0.7028828
10.174648,-4.109528,-1.1894536
-11.989539,3.1175017,1.1114457
6.117738,4.3705096,-6.7724624
2.8420827,-5.251722,-7.2367907
2.2354898,3.3675003,10.914691
7.366068,7.2522817,3.0845096
4.123855,-8.107189,-4.226601
-11.891465,1.5503514,-1.4462965
-6.52065,9.484148,-1.4501467
0.49370384,2.25679,10.722534
0.6447389,2.6001613,10.727719
-0.20922399,0.95365256,10.260039
7.09122,-2.475272,7.316998
10.40214,-1.958698,1.3267316
-0.0067219436,3.0021646,10.1502
-5.080721,-10.053525,-2.1437263
10.320804,2.7024736,0.47105768
-2.3080993,9.676625,-4.2186556
-6.0528293,6.9189863,-6.988415
3.9957957,4.411536,9.548624
-8.393215,8.215844,-0.46131083
6.073377,-5.907975,6.337168
9.684479,1.2147917,-3.0992076
9.19204,3.1935215,-3.0132968
6.4356833,-7.546431,-4.247926
4.5771527,5.966235,-6.3954344
8.361506,-2.7895224,5.8040133
3.045866,-3.1831052,9.209547
9.56971,-6.353718,2.7556314
9.337991,4.8910956,1.8090119
5.8453493,-8.131318,-3.73725
8.026275,3.931657,5.2710686
8.13452,2.7613764,5.879314
1.962917,-0.22720587,10.76381
6.004101,4.2742085,-6.994379
7.5608478,1.8557838,7.2815
-11.791778,3.328422,0.7118194
8.95947,-1.6869861,-4.9318457
8.6176405,-4.107642,-4.613465
-11.571364,0.34316164,3.5366287
-6.888895,1.7579213,5.751452
-5.5452,8.5820675,1.9983675
7.0504823,-9.009073,1.3283011
7.2468724,-8.952753,0.67204183
5.6722584,-8.57711,-2.761357
-2.0043597,-10.214701,1.0195024
0.00049413845,-10.227981,1.2719897
-5.7444115,8.727782,-4.352447
3.1811712,4.11715,-8.418365
-12.001082,1.2183865,-1.0891416
3.5128853,1.82579,-9.173623
-12.099368,-1.0583804,1.2347841
1.7128742,1.2219894,-8.965476
1.9643348,-6.9508905,-5.6272025
4.937508,-0.58581537,-9.0589905
6.209271,-4.6083536,-7.033476
3.8567421,5.5254707,-7.2400837
-7.91346,8.186159,-2.5839653
6.8269815,-7.451108,-3.9804022
8.104143,-6.983928,-3.0806093
6.0996833,-9.265539,0.70908266
8.52366,-6.9031196,-2.4948215
10.332701,-5.2964168,1.8695139
6.5625315,2.8090363,8.732845
-0.73727846,-3.2879124,-7.7264147
-3.3096151,-9.039423,-3.1336312
7.8941283,-4.4889317,-5.4938407
3.9513283,-2.821959,9.166575
3.267581,-1.7269001,9.934188
3.1117432,-2.8296711,9.377573
-7.222307,2.6261294,-9.332836
3.2208247,6.566557,-6.465364
-6.2271266,8.663193,-3.9763994
-8.23668,6.619287,-4.696147
-5.697597,8.898418,-4.0051236
-8.67029,-5.575429,-3.4693546
5.4711914,5.0914426,7.411931
-10.750868,-3.1687613,1.7519764
2.0105975,5.634006,8.760924
1.9957603,3.1427708,10.969151
-12.200069,0.682147,-0.23974536
-8.915468,-9.483376,1.2285473
2.6053147,4.2903123,10.35157
0.44519845,-10.289393,1.9856861
-6.1328497,-7.862948,-3.9167762
-7.746452,-8.8632965,-2.3485334
4.200536,-5.914485,-7.005642
-8.895891,5.4330487,-5.3740487
-6.398433,2.509229,5.751278
8.026363,1.9831104,6.387778
-1.7492199,-10.205247,0.80792814
-2.6920314,-10.152889,1.5174605
-8.25924,7.0797825,-3.8336792
3.3742356,-0.39754874,10.592094
-10.221217,1.2673669,4.558043
3.796473,1.6405194,11.113
-5.9848733,3.1511376,5.771382
2.1120577,3.6311202,10.79188
-8.429059,-6.2913456,3.8806431
-8.05338,-5.520776,4.4509993
-8.385699,-4.0510974,4.6173816
-9.030454,-4.747406,3.8219786
-5.012508,-7.51942,-4.452856
7.562581,-2.131713,-7.3391542
-7.0483384,1.1011872,5.815422
-5.573416,-10.180604,-1.7512329
-1.3592246,-10.16438,0.5760815
9.662534,2.273786,-2.7615376
-6.9412365,2.9866946,-9.408236
7.0894074,7.884026,0.7089035
3.0565984,8.9918785,-0.6475217
-5.4806166,2.6454406,-9.546086
5.185888,-4.0353513,7.945039
4.822643,-1.8281332,9.353598
4.1392293,-1.7192827,9.719891
-9.400542,3.7981625,-7.022208
-5.816051,9.715461,-1.1392685
5.55459,-0.79563415,-8.922506
-2.7391021,9.623854,-4.5405283
9.498329,4.3594613,-0.9667436
-10.799934,-3.8173847,-0.7756732
-2.6852431,8.234847,-7.1459866
1.7036161,4.3223715,10.3196535
-9.324349,1.9551127,-7.7041616
0.01666435,4.617314,9.251217
-10.320821,1.1659391,4.51102
-1.6073248,9.586647,-3.7905157
-3.2196312,8.891474,-6.0631337
5.267842,-7.828751,-4.4887147
7.431896,-8.656156,1.9720656
7.64953,-8.603043,1.6988817
-5.9892845,7.185182,3.4910307
4.6110764,4.6164174,8.8691845
-4.228193,-10.103651,-2.088239
-7.4161744,-7.990485,-3.2948928
-7.0951834,5.494806,-8.008386
-3.6032946,8.084704,-7.0624785
-8.38356,1.9006861,-8.574085
-5.4707727,2.0956202,-9.557497
-7.840958,-10.056401,1.3322285
-9.055845,-7.3920913,-2.39907
2.2509632,1.3195622,-9.102073
-3.7875643,8.794971,-5.996865
-9.245262,4.4968805,-6.350642
-6.14701,5.0484915,4.665684
-10.638602,-5.3377833,-0.290485
8.734246,-1.119732,-5.4170437
-5.683612,7.9439454,-5.889152
0.07001967,4.3014536,9.523012
-6.782464,2.5338562,-9.458117
-6.5525618,8.585477,1.7697958
6.075428,-1.5180674,-8.589499
-7.5536366,5.0687017,-8.156004
8.223992,-2.5354922,5.9842963
7.02124,6.6687646,4.4320264
-6.9360514,5.88539,3.93152
6.3626647,-7.8138895,-3.9069057
-10.270887,1.6322645,4.458701
-11.247558,3.9141352,1.7821919
0.5537136,5.4253163,8.653175
-12.693802,0.9243649,1.4305972
4.6187997,8.410155,-1.6745031
6.076405,5.3543906,-5.6504636
6.464392,-9.154754,1.5639504
-7.4162736,-8.147479,3.5689745
1.9995174,4.9022126,9.800426
-5.555582,-10.43989,-0.57170117
10.377244,-0.69956356,-0.52197266
10.405145,-0.874539,0.70110947
-2.315861,-9.123242,-2.6512241
-2.5644279,-9.1734295,-2.715249
-9.575498,-8.999123,-0.32495847
6.8677936,7.1242933,-1.5135763
-3.5676527,-6.4686975,-5.432737
6.2126775,-0.4134059,-8.645392
-1.2833958,8.404954,-6.6980076
9.150985,4.811051,2.6743886
3.525863,1.2427039,-9.247173
1.6675618,2.3676188,11.100904
8.776827,2.641398,4.770833
-11.019294,3.5092435,2.8231483
4.2723427,8.704116,1.8702801
10.503516,-4.609366,1.550953
-3.705004,7.987969,-7.13726
-2.5523107,9.784009,-3.0603943
-12.204938,2.688592,1.7860234
-5.7000127,6.6328454,-7.545988
7.0292,5.000162,-4.6662626
9.513671,0.1368126,-3.6267273
10.038623,1.4180524,-2.3620405
-12.376939,-0.38980308,1.685124
-9.0742855,2.7195835,4.7127275
-10.853544,-2.0586827,2.7721088
-8.403465,-4.3406014,4.523449
-0.24943313,-3.8991933,-7.49273
-0.2282653,-4.559498,-7.108608
0.5911007,2.1326978,10.790082
0.12556984,2.5318573,10.416947
7.3325167,-7.218752,4.2877846
-9.352248,3.2790394,-7.515512
-5.6042295,3.4571564,-9.460701
-1.6409116,8.942618,-5.9986887
-5.8246446,7.4802113,-6.4399877
-7.296525,-9.322401,2.686077
-0.50260067,-10.334757,2.055552
-12.651194,1.132795,1.1539751
10.474405,-2.0434744,-0.08584155
-10.371027,-7.274047,0.40589714
4.148751,-1.489702,9.838097
9.332193,-7.072225,0.9549248
2.3096993,0.21055464,10.964926
-5.5000696,7.823103,-6.218368
4.214946,-3.3856528,8.749668
-8.502372,3.3728983,-8.412312
-12.056987,3.0059574,1.1043651
8.556376,3.226736,-4.0586076
9.861991,-5.79438,-0.39350528
-5.0132046,-7.359583,-4.5620713
-4.546322,-7.6578197,-4.422361
8.888003,-3.325563,-4.534851
-12.494736,1.9848065,1.735499
2.9129145,5.4826746,8.735316
-12.557971,0.3434895,0.99161965
9.068675,-3.7574325,4.793817
-12.145755,-0.6765039,2.066941
-2.581164,-6.5872808,-5.4326653
-7.845423,5.9028597,-6.7488937
-8.270027,-3.1127648,4.932062
9.2921,3.9896557,2.979293
-9.683913,1.6493953,4.7682676
-9.872512,-0.27553335,-5.774618
-7.1018753,-9.973712,-1.1623448
-9.464054,0.75395954,4.9107366
8.271567,-2.7515335,5.9122643
-7.4821544,9.04925,-0.61774844
-10.617642,-3.2454123,2.0503712
6.4752235,-7.525917,-4.2408676
-7.8064847,-8.992313,2.8340695
-4.986386,-9.279114,3.1449885
-6.9804134,8.485527,1.6168946
-1.7210906,-10.269036,1.5792605
-7.1814437,-9.857769,-1.3659004
-4.931581,-9.4329605,2.979328
8.920746,3.7564108,-2.955481
-9.559977,-9.033189,-0.25895864
-7.9789124,-9.938036,1.4994953
8.39742,-5.796765,4.671191
-8.331861,4.549381,-8.022035
2.9891734,-3.1811657,9.224066
5.684031,-0.61422,-8.897117
-12.001826,1.4605505,-1.0690023
1.0952721,4.6200247,9.904651
-7.938637,8.7256565,-1.0096595
-7.8017673,8.80549,-1.2636133
7.191745,6.237281,-2.7376084
5.0403,8.388384,-1.160895
-4.526329,-9.660756,2.7342494
-7.4290347,-7.390812,3.9686835
3.852946,1.4281402,-9.199754
7.763618,-5.8995304,-4.5149302
8.263325,-4.4137454,-5.0103416
7.6796,-6.79462,-3.8328104
5.5971427,7.850566,3.911508
-2.1882627,9.586854,-4.54805
5.4656563,2.8437252,9.892529
-9.111791,-2.5440133,4.3386245
-4.783305,-9.84935,2.3888986
-11.839353,1.5564826,-1.6295838
6.641502,-8.250077,3.5000098
-7.2853293,9.080548,-1.6193465
5.9065914,-6.8324575,5.6238036
5.872206,1.2976989,10.032149
6.3360453,-0.6165403,9.0221195
5.235813,6.910091,-4.1447654
6.4271483,-7.89385,-3.7067084
6.3399987,4.7276554,6.8839226
8.561843,-2.4233706,5.5832195
-12.61153,0.80134135,2.1110716
3.825144,-6.666236,-6.2953024
3.0430346,5.854126,-7.2108626
8.723142,5.985469,1.2154741
-8.465919,4.53259,-7.8967195
7.850546,-2.4722269,-6.9185605
6.7383337,-2.963613,-7.784756
5.601299,-1.5111952,-8.770693
-3.960497,9.831655,-2.0876095
8.646182,-1.125704,-5.582194
3.7276738,1.4538354,-9.213134
-7.93189,1.3406969,5.4819
-9.647422,1.81053,4.74609
-4.1320777,7.9542527,-6.969352
7.061541,-3.3598874,-7.333068
7.641605,-3.018487,-6.9780345
9.79575,4.1170344,-0.37277603
7.464576,6.127832,-2.4500484
6.4900913,-1.4466598,8.481624
4.4778004,-2.9347153,8.909175
-6.475766,5.9564176,4.0919495
7.517801,-3.028125,-7.1132517
9.561067,-1.4015372,-3.464478
-0.60525644,0.5108747,9.984386
4.1840944,8.247501,3.800287
0.4081756,2.731945,10.552307
-8.093622,-3.784272,4.927602
6.375657,-5.605565,6.389043
5.293288,-6.4429903,6.3398333
6.125258,-5.380054,6.6932406
3.2625384,5.1403527,-7.7387257
-7.9172716,-5.5738482,4.5364614
-9.86528,0.045903273,-5.9611053
-8.443266,-2.4674876,4.9235272
5.515465,8.376684,-0.41057912
-7.6478286,0.6697274,5.6213064
-12.648209,1.0311102,1.9451888
-9.082846,-5.4431305,3.5898645
-9.912445,-5.011833,-2.208402
-1.4353224,-6.3417783,-5.729309
-2.0866094,-6.8081822,-5.2698817
6.890491,0.29362142,8.616189
2.1988823,4.083396,-8.472624
6.421869,-0.09529198,-8.43013
5.979782,-0.5825964,-8.785477
-1.8660088,-6.3933244,-5.6484137
4.4561744,3.1227753,10.446138
-9.625627,-8.198139,1.8513621
-10.391487,-4.990524,-1.4513543
0.3000531,-10.309117,2.104381
-1.4713258,-10.203791,0.77221066
-1.3648167,-10.30633,2.3581128
-2.8972733,-10.134002,1.2909938
-1.6872683,-10.273515,2.093768
0.53370255,5.1033516,9.063339
-12.492568,0.66078085,2.3892956
3.4148629,-7.555892,-5.070635
7.8931518,-2.2480695,-6.895997
-7.1633177,2.0258934,5.598284
-10.696927,-3.8648255,-1.119544
0.45634633,-0.27575237,10.301263
-1.7837424,-9.693139,-1.2258554
4.332751,8.518815,2.8390846
0.3813293,-4.1585655,-7.462965
7.2679663,-0.28006005,7.8164353
-8.298984,7.1598625,-3.595935
-7.262807,8.156271,-3.6342244
5.0844417,-1.6672674,-8.849161
4.916467,-2.097657,-8.730895
6.9597664,7.0952306,-1.4227233
7.349559,6.0263247,-2.818025
9.189909,-3.3133676,4.682358
8.337503,-7.1922817,-2.4311519
8.678789,3.492741,-3.6503248
3.632406,6.0875216,-6.8048034
-11.909255,1.2047157,3.1664703
-9.959386,2.3350303,4.3771224
-3.7259147,9.815561,-2.5475905
-0.24508457,5.233022,8.540163
-0.40511692,5.179105,8.519234
6.6340013,2.4520485,8.8649435
10.554354,-2.8458743,0.85338575
-0.95632637,-10.311344,1.6243361
-2.189419,-10.18516,0.80558676
-1.8679769,-6.2302613,-5.776007
-1.1311008,-6.066578,-5.976053
6.24094,1.2200159,9.659464
6.356525,4.794048,6.803549
5.057926,5.3359857,7.5168376
-6.5690613,-10.326641,-0.02278588
8.745052,2.6317816,4.8361225
-8.299535,8.257475,-1.3728371
10.478569,-4.6899943,0.8230422
2.062662,1.1067197,11.181681
4.7291675,1.8310016,10.802614
-10.439657,-5.69714,1.3004389
3.8291395,6.281181,-6.508011
-4.496669,-7.9834204,-4.167685
6.1784625,-1.0322667,8.9663105
9.035496,-5.2205048,4.3125954
-9.941747,2.0640242,-6.5664053
7.0298505,0.5729242,-7.578021
-12.249604,2.6753285,1.2843481
2.113868,0.774016,11.138224
1.3171543,-0.9971551,10.2837105
-5.0684977,-9.5866375,2.7610476
-7.9893017,-7.2394643,-3.3787348
-7.1536036,7.9025664,2.2825415
-9.781456,3.5246131,-5.658914
-8.876409,3.9516122,-7.836872
-6.913069,7.2261424,3.0955222
9.948605,0.42625338,-2.5651531
-10.389985,-1.2274202,3.8174667
10.420191,-0.3305096,0.022183256
10.501332,2.03448,-0.31655264
-10.268277,-4.78327,-1.7290937
-3.2894309,-10.109591,-1.7076379
-8.785174,-9.684597,-0.07857058
-8.262806,-7.388181,-3.160091
-6.766705,-10.275795,1.0670936
3.7496963,-7.8878684,-4.6028547
3.6954446,8.902626,1.0217859
-8.189719,1.4995773,-8.625178
-8.047468,4.207552,-8.467722
7.262763,6.9785175,3.7698169
8.961419,-4.4539,4.723357
9.059553,-4.267289,4.6693954
-10.131816,0.5129883,4.5874114
7.606726,7.503601,1.306099
-4.2083006,-10.325211,-1.6456304
7.3997808,7.7132215,1.4055138
4.660499,-6.469385,-6.500472
7.3101344,7.6912975,1.9123696
7.490017,6.775685,-1.0680581
-11.2991085,4.0210304,0.9960417
-8.663505,-9.667518,-0.3580421
-11.1899185,-2.825145,-0.2922738
9.318253,-0.0059982087,4.180506
-8.483256,-9.170387,2.199408
-9.24407,-6.8106656,3.022241
9.323122,0.18623744,4.140042
6.7994056,3.6572435,7.360826
8.723499,-1.1812822,5.427857
5.5249786,3.4095645,-8.021151
5.4457088,4.688388,-7.1208944
-3.1649582,9.770261,-3.795327
-4.838282,-9.815869,2.4466136
-7.819289,-5.7692657,4.5342226
-5.7089725,-8.307877,-3.7530684
-9.217758,6.8714094,-0.44869426
9.122432,-0.12296825,4.633177
-6.4616294,-0.2951097,6.167064
-10.5042305,-5.2714453,-1.0679973
-11.091549,3.8099594,2.4043624
1.2902633,4.3152285,10.215965
-10.37105,-6.5708117,1.1956104
-8.326775,-9.5160675,-1.015866
-7.4492745,-7.798714,3.7538426
8.365003,-5.1143,5.081805
8.493478,-5.5832033,4.7154818
-7.1521435,8.117687,2.0131934
-5.804526,7.900806,2.861949
4.7442384,4.0145335,-8.170865
-11.874075,1.4944935,-1.5288593
-11.73979,1.691024,-1.8926764
-10.805151,1.6998119,4.063997
-6.855246,6.997914,3.3064084
3.598217,-1.2091709,-9.0226755
4.0812516,1.6463246,11.061368
9.989892,2.6531186,-1.8143716
-9.594547,2.034526,-7.3812966
3.6818218,-3.2419736,-8.344481
-6.582951,7.2296033,3.2613938
-11.147992,2.8182642,3.1773067
5.2395115,-6.235652,6.533088
-7.432818,8.548362,-2.7339804
4.321495,1.3652601,-9.10723
8.865665,-1.4386742,-5.166894
-7.6214085,8.801765,-1.8098027
8.43607,-0.09455451,-5.7002416
2.3127596,5.7936034,8.452024
3.5976906,8.0511055,-3.3093739
9.827837,4.1067247,-0.002247679
-7.896589,8.757333,-0.64560574
8.577617,0.995844,5.58744
6.2780457,-8.138857,-3.3786447
5.947297,-9.129535,-0.69635266
-6.896289,0.8406398,5.8996058
7.019398,-2.7519958,7.228202
7.0211716,-2.5133915,7.3696985
10.313014,2.7611887,-0.46801797
6.763732,-3.8340967,-7.230475
-6.1446347,5.2665625,4.5501604
8.986555,-4.5237646,4.6698093
-7.976302,-8.381162,3.2077436
9.483726,0.023263007,-3.7040884
7.230353,7.3708005,-0.30394223
6.966579,6.323243,-2.9478743
3.696517,2.1882508,11.074259
7.1374073,7.8016405,0.5570704
6.416473,-1.0490639,-8.492652
-4.647665,6.617265,3.9597785
-4.560141,6.6689568,3.9142478
6.070466,-8.853029,2.8806264
6.752872,-2.6552186,-7.900765
2.4920611,-7.061881,-5.5731835
8.961427,4.365623,3.44283
-11.713474,3.1507294,2.265784
-5.072763,-8.294126,-3.885245
9.622249,0.024418708,3.3713865
-8.146678,-8.765321,2.8499005
-7.642227,-9.854339,1.8721
6.898499,-7.462896,4.354618
-1.4925212,9.557628,-3.7687972
4.771713,8.360287,3.1843297
3.491734,8.967548,0.38711807
10.472602,-3.610105,-0.17340438
-8.272762,-9.996202,0.8243297
8.671768,-3.6464763,-4.7912173
-8.1539345,2.0564752,5.27064
8.661241,1.6130264,5.288052
9.564205,4.136327,2.021728
-7.8234267,6.175217,-6.268971
-7.5326786,-7.680948,3.7805715
2.7173738,5.219093,-7.769089
8.614269,-7.7448716,2.0435119
-9.058485,4.033794,-7.517666
-8.62009,5.1319785,-6.8222747
-1.7690979,-6.5947843,-5.483102
-10.743587,-4.6194835,0.44812354
5.189295,3.1769059,9.905231
-8.663095,-9.807133,0.28460884
-2.4245207,-6.976341,-5.102963
-2.1960623,-10.1887865,0.8577062
-6.4070144,3.9300268,5.169153
-6.494806,4.234663,4.980329
-3.1272573,-9.969467,-1.8762606
4.3499007,6.0319686,-6.478823
-9.705508,2.21418,-7.2076654
9.804409,-6.3129053,2.3630486
4.025512,7.4992437,5.2861094
-1.0277473,-4.8412294,-6.7871075
-9.677892,6.253312,-0.5646824
8.609424,-5.744872,-3.4685135
-5.615843,-9.377047,-2.8341045
6.937765,4.406493,-5.517986
-6.7448773,-1.0075645,6.0086493
5.5415654,-6.3240886,-6.2918797
-5.3117557,-7.3561926,-4.4843144
10.305672,-3.8779807,-0.846099
-5.4884725,2.3451207,-9.555876
-7.0825725,6.413552,3.5583212
1.9544288,0.8083575,11.132438
-0.7136448,-3.4788897,-7.636771
-0.6636231,-3.6956575,-7.5291357
-5.6044416,1.9114379,-9.525991
0.00068441423,-3.4795213,-7.7408376
6.631903,2.2975767,8.94255
-10.805212,-4.0994806,-0.43295285
3.9611464,8.855022,-0.43841815
8.973325,-2.743455,-4.5913744
-0.8258412,-10.292011,1.44365
-1.5096616,-10.252316,1.1131623
-7.359425,8.473355,-2.976527
-7.360539,0.9467231,5.720284
-10.149961,1.1617684,-5.6667504
-6.362365,4.9379606,-8.676721
-7.579059,8.91164,-1.542564
7.678201,-2.7369995,6.537226
7.387698,-8.717528,1.8670925
-2.4321358,-6.9445105,-5.1318746
-9.307954,1.00188,-7.4504733
6.3321867,3.1993022,8.703573
-3.3375466,9.67068,-4.2281947
6.901996,-6.0693374,5.671105
-10.596709,-4.1160107,-1.2507322
3.450997,8.959468,-0.36769927
-10.47938,-5.2599196,-1.1511549
-8.161187,-8.003677,-2.8818216
8.661586,-3.6930845,-4.7839327
-7.9462147,-7.7847104,-3.1578848
-10.359613,-4.580617,-1.6089965
-9.770161,-7.4131465,2.1882474
-10.601928,-3.6286497,1.798644
8.585593,0.15092842,5.709976
-10.313494,-5.1364384,-1.5708613
1.3496625,2.0708933,11.0734825
6.420562,2.4447072,9.167091
3.24505,1.6062698,-9.213474
7.2047315,-8.963855,0.45528588
-8.477852,-2.7940814,4.829819
-7.410393,7.8233314,2.1340115
-9.595565,2.3356304,-7.3764515
2.8663309,6.0266767,7.881209
-6.8753934,5.7966294,-7.814448
6.8071895,3.462645,7.580134
5.2492294,8.192574,3.365129
-4.435152,9.818816,-1.3058153
-2.4438455,8.462382,-6.8785477
8.617958,3.2136059,-3.9724278
10.49604,1.8473529,-0.6632609
10.454501,1.949072,-0.8350123
4.2205396,-5.9042325,-7.0123124
4.6700416,-5.9701757,-6.917093
-6.4531593,7.780548,2.8033276
-4.992433,6.3262005,4.1399627
-2.2047925,8.416643,-6.933847
10.27424,-1.7338605,1.7784629
-7.6141706,1.1973604,-8.845001
2.038236,-0.80360335,10.481746
-8.372848,7.5443425,1.0653865
6.8116965,2.594109,-7.13643
8.18946,-6.882927,-3.0792072
-5.775733,7.0375514,3.636675
10.205534,-5.0578213,-0.2919616
-9.067645,4.7446203,-6.4422812
10.580546,-3.68227,1.0009937
7.191837,-5.8014326,5.6611485
4.534835,1.7568309,10.908354
3.2293065,4.6827917,-8.074381
5.929555,-8.961401,-1.337034
1.7351241,5.77176,-7.526348
8.731693,2.8784552,4.7576275
9.015669,3.781346,3.729714
9.00272,4.1601024,3.5087845
7.240013,-6.9589524,4.622907
5.8880105,-8.013456,4.2946043
3.682007,-7.812897,-4.7170825
-4.4321976,-9.94243,-2.3495572
-10.323349,1.0244387,4.5163784
-11.738319,3.4715264,1.1970232
7.407914,7.4679413,2.389857
7.1419816,7.264857,3.434087
9.048918,5.244224,2.4346576
-8.120673,-3.5080376,4.9699454
-7.847869,-1.7445893,5.3822193
-6.5323386,0.37186456,6.0933895
5.99577,-0.1865678,9.508971
10.143388,-5.072154,-0.5263488
5.0184183,8.508013,-0.7344627
5.992299,-1.4697156,8.870691
-8.679368,-7.8264575,-2.5653176
-12.132201,1.6522154,2.7282805
-7.506346,9.025055,-0.5512737
-5.215818,9.776108,-1.8850766
7.1024184,6.732366,-1.9352446
6.637078,0.60658664,9.089046
-7.8858123,-7.9584913,-3.0843554
-8.202919,-8.114808,-2.7691963
8.811614,5.8341184,0.9578567
-12.246264,1.7926452,-0.012841351
-11.107769,3.7282133,2.4927316
4.440293,4.5999017,-7.849337
1.0422674,5.296805,9.045117
-2.0472202,-9.607917,-1.650441
-5.5111647,-9.975524,2.1157057
-5.1670065,-9.886293,-2.3620718
-2.5292866,8.123889,-7.2985654
8.628398,-1.6934601,5.5340776
-9.272117,-9.36135,0.5905644
0.8670081,1.5744499,10.920395
7.2059216,7.1356416,3.5914207
10.361119,0.22933294,1.0094012
-6.7548785,1.9001992,5.763839
4.810673,3.8865132,-8.22009
3.1666124,1.9359974,11.16168
6.223869,-1.0795904,8.904758
10.089986,-5.146586,-0.6228256
9.72911,-4.5902762,3.6216428
1.8103017,6.57787,-6.934177
6.2076273,-9.083905,-0.5720681
-2.0134141,-7.6265006,-4.428665
-0.727017,-6.0572715,-6.0411296
7.954893,-8.472957,1.1580842
-0.8985882,0.8310436,9.870926
0.8717007,7.719013,-6.2414556
-1.1315004,-10.306501,1.5842445
-9.855884,-8.53167,-0.53406876
3.1097262,6.427737,7.2253165
6.7599277,6.8717494,4.480489
-4.958715,6.8264294,3.8352623
10.081512,-0.53931034,-1.973051
6.0278807,-8.204968,-3.4651828
8.694836,-3.1431208,5.367559
-7.957109,-9.36624,2.3651621
3.448269,8.2901535,-2.9013553
-12.022633,1.4276167,-0.9962484
-9.037972,-9.56155,0.4479671
-7.694561,-5.9607463,4.5384564
-11.744983,-1.1316341,2.3501732
-11.441341,-0.61310256,3.228802
6.158447,-0.22936825,-8.658545
-7.2117586,-9.825575,-1.4030166
-6.0005074,-7.1723986,-4.3310227
4.6737347,8.608064,2.0363505
-3.622612,-9.625302,-2.614571
8.288408,-8.003321,2.1102374
-3.8394308,8.410907,-6.538861
10.05201,-6.075815,1.9962332
-4.146345,7.816465,-7.125358
-7.646434,-8.763568,3.083755
5.9464197,-7.104761,5.3280663
-11.768195,-0.057815682,3.2071855
5.913601,6.682208,-3.7687545
9.120771,-1.7678028,4.6931825
-5.9890585,-10.388328,-0.64426243
-7.406068,-9.99235,1.7306035
-7.4023085,8.79654,-2.2502463
5.585388,3.5923536,9.171759
3.1348991,8.799965,-1.5546117
4.6156626,2.4825902,10.671633
-9.8068285,-8.675108,-0.4189678
-12.384654,-0.41596437,1.259235
6.432205,2.2820697,-7.7224355
5.037377,1.783974,-8.78515
-9.52851,-8.0887375,2.0733035
10.526725,-3.7107673,0.21328919
7.4543767,7.663181,1.2643391
5.109808,-8.625652,-2.9217584
-8.267169,1.5107578,5.3430743
-9.695702,-0.68892807,4.5601883
-1.4727058,-9.21403,-2.180418
-8.577447,5.734618,2.7754657
-5.843189,9.594423,-2.0946066
-9.116706,7.030843,-1.2050375
-4.6836824,9.475662,-3.473085
-2.484017,8.54899,-6.7571945
-4.2587233,9.830752,-1.545057
6.4267173,-1.3255339,-8.441821
6.0155396,1.0131493,9.883971
8.390461,2.6039171,5.5086336
-7.5216713,-7.7848406,-3.370503
-9.966673,-8.441881,-0.16174604
-2.0008647,-9.796076,-1.1000086
10.386848,-4.287868,-0.27373728
-2.9985886,9.791485,-2.1931179
-0.7132604,8.399,-6.3788767
10.309414,1.0448941,-1.6613659
-0.014078676,3.9528017,9.687865
5.109802,-6.9218187,6.0247836
2.6929169,-4.124224,-7.82374
3.4560707,-2.4501753,-8.6609745
3.659096,-3.162279,-8.380462
0.5320983,5.1566877,8.996987
4.394062,-1.44836,-8.986221
5.1026764,-6.778523,6.163173
-2.4384189,8.862057,-6.2577815
9.92352,1.3012925,-2.6255014
5.231238,1.374076,10.547101
-12.661896,0.8116716,1.904528
6.1578255,-8.160116,-3.4506927
-11.255192,1.6588293,3.693005
10.395639,-5.0731936,1.8076665
-5.086934,9.696148,-0.43577722
-2.5464764,-7.042045,-5.040147
-10.615143,-2.893271,2.3638706
-8.019669,2.2856069,5.2534013
2.606636,-3.4170423,9.192183
6.1713333,-9.258312,1.0517317
-5.934669,-10.189378,-1.5407873
3.912492,7.6456833,5.108191
-9.799987,0.012807159,-6.093069
5.387569,-6.5759683,-6.142097
4.378296,2.960515,10.579463
-1.0598739,9.416834,-0.5218169
-1.0492953,9.460315,-0.77177286
4.3042526,2.4567118,-8.896012
0.1194644,9.332115,-0.55148256
-2.5959988,-10.120686,2.6051877
-5.7255936,6.590967,-7.5767813
8.172215,2.5676873,5.9108334
8.585875,0.053597055,5.7166514
-9.752705,1.3197232,4.788852
8.148735,-7.5467,-2.1451828
7.028489,-9.002056,0.17410858
1.1066979,-1.0082967,10.227038
5.0434318,6.39958,-5.309967
9.37007,3.0778215,-2.7824187
0.19534528,-4.071008,-7.479375
-8.26076,-7.4064803,-3.15364
-7.529447,3.1503165,-9.143112
-5.29001,4.371709,-9.180974
-7.563327,4.15286,-8.770422
8.316645,1.6881704,-5.2649584
-9.670411,1.3542869,-7.1151056
8.562569,3.077166,-4.1495
-6.702233,9.168683,0.45953903
0.8608052,1.8671803,10.9270115
-7.262246,-10.16266,1.3954505
1.209094,4.949048,9.597549
-8.064204,8.435996,0.014067912
6.6207905,-5.8335257,6.0604897
-6.5562563,6.577592,3.7220857
-5.919541,8.1508045,-5.313366
-5.437142,9.70818,-2.0931919
-7.7138534,-10.179845,0.95075715
-5.263155,-10.118824,1.7119303
-9.088316,-6.5487328,3.254808
8.16696,1.5660163,6.2421284
-8.040326,8.631347,-0.65144986
-8.049067,8.029339,-2.5834663
2.070179,4.1560717,10.487217
-8.237089,8.360657,-1.2891848
-4.461606,-9.995084,2.0613282
-7.9076357,-8.393329,-2.7324414
4.8144736,5.4298887,7.605536
9.888482,3.7017655,-0.8442445
-5.4587574,-8.950306,-3.2891548
-0.11188531,-4.068143,-7.423638
5.8458858,-5.718149,-6.520423
-11.777269,-0.94847083,-0.3258974
-3.9763348,-10.2776785,-1.7038153
7.0661426,5.041138,-4.5555215
7.2565656,6.2178884,-2.6645677
-8.377356,7.555551,1.0389073
2.0701535,5.776493,8.503288
3.637734,8.843068,-1.0022587
1.9211494,0.68600446,11.100761
9.975031,-6.233218,1.9471902
10.55252,-2.8342967,0.8747212
-10.421607,-6.2011642,1.1862555
2.4611385,4.1409388,10.494823
-1.3269233,-10.309823,1.9074234
5.964468,-3.8523288,7.5272017
9.243951,-0.253163,4.3772054
5.2524767,-3.978395,7.936381
4.29758,8.021316,4.293922
0.046940263,-5.10524,-6.8144207
4.0189753,-1.7397208,-8.909517
-6.536054,3.1788986,5.444696
5.9551167,-8.304646,-3.292507
4.1595097,7.95148,4.4822354
4.791649,7.798694,4.509262
4.3896184,8.120045,4.0424495
10.2005825,-4.0145698,-1.1561648
4.912565,-8.494532,-3.3226452
-7.3808794,3.2855659,-9.191467
9.9781685,-6.238839,1.9024376
3.7371244,2.4454763,-9.010346
9.220408,5.0406623,2.1201656
-2.5341082,8.196716,-7.20773
9.900823,2.7758398,-1.9413425
8.797494,2.639597,-4.029695
10.357767,-1.0948845,-0.72363746
10.246557,1.8496414,-1.6806984
-2.2493358,-8.747341,-3.132626
10.163699,3.00825,-0.83456635
5.9531183,-5.9430647,-6.2886276
5.1962147,8.490584,-0.49265635
-7.383502,5.0256057,-8.2817335
-8.200824,4.6370654,-8.0720415
-4.820422,-10.213104,-1.8929962
9.788522,4.1197877,-0.41308898
-6.1342435,-10.025535,-1.7660918
-6.088513,7.465533,3.236259
10.49196,1.8090998,-0.72270983
10.120166,-0.24980481,-1.9074773
-10.249794,-6.5474243,1.5594045
7.3558207,4.319861,-4.9448276
-9.479099,-5.1743736,-2.747623
1.8173304,5.329011,9.243193
-4.168008,-6.1708164,-5.5900993
-5.685715,-8.508967,-3.6074162
-7.0096145,9.317657,-0.88193506
-5.1326003,9.722504,-2.287109
-6.146459,8.430179,-4.553141
-6.98106,4.812022,4.5006742
-7.676381,8.939055,-0.8464601
8.429303,-4.855184,-4.428983
7.6947517,1.7296147,7.066926
5.257962,8.393554,-0.7963495
8.836971,-1.1047981,5.227424
-2.3066242,-10.166941,0.6572583
4.846854,3.7992241,-8.252064
3.555218,8.947907,-0.26409245
-4.225783,-6.279221,-5.4990935
2.9593687,8.938481,-1.066821
8.311142,3.8539875,4.8823466
-9.858502,-0.14682642,-5.878087
-7.1879873,-9.372483,2.65717
-10.079656,1.5580033,-6.009303
-2.1048064,8.507815,-6.803163
-6.3660407,-7.9296393,-3.7850397
6.855831,8.087826,1.3347764
2.9235542,-2.0867546,9.796965
0.34265715,-10.2898855,1.8965346
-12.320039,-0.58816373,1.2903026
1.0467647,5.238087,-7.993933
-10.132079,-7.8365593,-0.43816212
9.690341,-4.3825502,3.763906
-8.304185,8.093928,0.2304559
6.454263,2.1425612,9.246115
7.6635003,-2.4573565,-7.1658525
-5.2474775,-8.120625,-3.9900773
-0.51371104,9.273392,-0.031506576
6.2930818,-8.449125,3.4534059
-10.842453,-3.1854768,1.3691133
8.746012,-1.877241,5.345253
-0.97233903,9.42071,-0.5568176
9.78172,4.186399,-0.17391637
9.975122,-4.2933497,-1.6330018
-8.445238,5.6860514,2.9516962
9.913142,3.372232,-1.2479063
6.4408684,-1.5662346,8.469548
9.047116,5.25622,2.4198382
6.8310986,2.8414,8.206798
9.411911,-1.4236645,4.0594454
-11.932526,-1.3872561,1.0802283
-0.28698567,8.420932,-6.00423
1.3389503,-1.3252848,10.127323
4.985815,8.258508,3.37212
5.502983,8.258513,2.883179
4.2237573,4.491,-8.016321
-8.104014,1.5562611,-8.701217
5.163692,4.7005067,-7.329796
5.0466466,3.8492937,-8.119799
-9.288029,0.84370756,-7.405644
4.11762,-5.77647,-7.09185
4.3961644,-5.900191,-7.007955
-11.782345,-0.94140494,2.5135102
7.024937,-9.011257,1.393064
4.76229,-5.0474386,-7.373755
3.6287658,-3.282357,-8.325483
-10.864371,-3.7111099,-0.5456105
9.888,-6.1888127,2.3459258
6.957064,-7.578839,4.1755643
5.4946733,-6.515027,-6.1457496
-1.9290621,9.324997,-5.252548
-3.0157425,8.877902,-6.1412344
-9.513633,-8.886049,-0.72829264
-10.490548,-6.089572,0.9030135
8.239494,3.6933186,5.112218
-9.763239,-7.013069,2.3616998
-8.997014,-5.439893,3.676655
-12.19355,1.9754238,-0.027157364
7.8578153,2.8456357,6.2818847
3.375182,-2.827383,-8.512808
6.0583196,6.159709,-4.452561
-7.7579846,-7.2318935,3.8854628
-9.444049,4.37804,-5.5676894
-8.461954,-8.727893,2.6516564
3.8434474,6.4208517,-6.327772
6.057519,4.0355983,-7.134207
2.3569906,9.064804,-0.8070257
-11.025497,4.028018,2.1348844
-1.5907639,8.639651,-6.495241
8.3509035,-4.6178236,-4.724845
3.5464003,8.937126,0.97675806
-9.218428,2.8605726,-7.798851
-11.917993,2.926804,2.1782916
-9.8689,1.5970722,-6.7965784
0.16979063,-5.535128,-6.551049
10.5052595,1.9503405,-0.44167992
10.473385,-3.8312433,-0.088464715
8.962356,5.633386,1.4255918
9.6217165,-4.7554083,3.7288465
-1.366659,-3.2398674,-7.6627936
3.5195994,6.6546717,-6.203829
5.2042594,6.53814,-4.889242
-6.5306754,8.18369,-4.5619874
3.5309129,8.723791,-1.5925626
-10.931282,-3.4835238,0.10398497
-7.7696185,0.9188012,5.5705714
4.1664085,2.2695386,-8.980782
4.630673,3.79351,-8.339882
4.2832274,6.2904863,-6.194797
-9.893801,-5.9170933,2.3718858
5.8890204,-8.656611,3.3981667
5.6599946,-9.120036,2.5953064
-9.559726,-9.015964,-0.3246512
5.5263615,-4.7122746,7.401284
5.774525,-4.4884853,7.370696
-9.241759,6.8630767,-1.0792165
-6.9361897,7.982946,2.339574
6.2810297,-9.206056,0.32098547
-6.8941975,4.8191857,4.533264
6.4670157,-9.027431,2.0835013
4.4291935,-5.9866242,-6.947565
-12.646594,0.46948242,1.7518345
-6.7928276,3.713999,5.112718
8.825195,3.4529085,4.281586
6.6475616,3.8008118,7.45168
-8.03471,0.24086197,5.4410677
-6.76683,-0.6556158,6.0008993
-10.5612755,-5.4952497,-0.717541
-5.8074427,-10.410378,-0.71386856
-9.562333,3.4754279,-6.8980293
6.70093,8.117424,1.626898
-9.243541,6.8814554,-0.87341416
-8.43826,-2.5078802,4.9192357
5.2154655,-2.2903135,8.88791
0.9497482,-0.9823052,10.1953745
2.4192703,-6.607361,-6.0523524
7.855334,-6.603829,-3.8113227
6.9926043,7.968693,1.6581589
8.030834,-6.0089145,4.8331795
-8.500838,8.091195,-0.66117376
6.5370665,0.7249399,9.245144
6.334842,-1.6063399,8.540534
7.4296427,0.522115,7.643979
1.2458487,-6.808272,-5.6725006
3.750981,-2.5463316,-8.6314945
-11.339993,3.3449478,2.6048958
-11.693639,0.8952174,3.451937
-4.8502946,-9.899898,-2.392066
1.6572006,5.8205185,8.344968
1.9837935,5.1799283,9.455765
-10.676765,-5.178195,-0.050791174
-8.960027,3.238521,-8.016398
-9.699051,-7.1908455,2.3907578
5.826653,-7.272104,-5.03367
6.336322,-8.572547,-2.070293
10.435053,-5.0437336,1.3853991
6.705907,2.0926983,8.900093
-5.8747582,-10.271486,-1.3393497
9.912015,-1.4529121,2.7818754
2.240805,-5.247284,-7.117662
2.6143553,-4.9929285,-7.3539324
-7.2634096,3.2114182,-9.261
7.5030403,7.053507,3.248928
-9.04437,2.5893486,4.7729897
6.2605004,5.297169,-5.468809
-7.7133026,-8.081793,3.4969614
1.5599291,0.8775996,11.064778
-7.679153,-3.1026425,5.363476
-8.218504,-9.743452,1.6574334
10.447595,0.6825004,0.46295595
9.183986,4.978999,2.3866255
2.9445174,0.6995998,-9.254037
-8.355539,6.4905033,-4.70194
-4.3093333,9.706008,-2.9512818
-7.929847,6.9097404,-4.6966
-2.0042267,-10.225588,2.456556
4.4054337,8.557584,2.6247847
-5.0414486,7.105108,-7.4183087
-8.2933445,-7.5451474,-3.065986
-12.415312,1.6711757,0.49174872
-10.9973135,-3.293645,0.0006709627
5.0084095,-5.933058,-6.835902
-9.24281,-5.174912,-3.0947163
-6.833822,4.2234945,-9.001733
-9.546904,1.1740394,-7.2262745
-4.7981396,-9.738722,2.5764365
-6.2713113,6.128135,4.0636315
6.193086,-8.699005,3.0922153
-1.9498366,-10.227797,1.1519105
-11.179754,0.70661676,3.9259207
-2.3135235,-10.155582,0.52837604
4.8938794,8.589206,-0.5220159
-6.864195,3.1180465,-9.406819
-7.3123393,5.7227435,-7.602688
-8.477477,1.5472426,-8.424301
-6.4188943,6.816288,3.6212072
4.307379,-6.445123,-6.5649376
8.762252,-3.3797657,5.2466063
6.6326294,-9.134122,1.425421
5.263887,6.8360033,-4.263594
-11.974845,3.041011,1.8321875
7.173111,7.8990035,1.3595322
4.571296,3.6149783,9.987812
9.292099,-7.0861325,0.7186997
-5.9109507,7.69382,-6.0696425
6.1082096,-9.052819,2.3287635
1.4586388,-4.5820007,-7.39642
6.3486295,-3.1371677,-7.8871155
8.217458,-5.961918,4.7132444
-0.8684604,0.92769873,9.889964
-0.9207162,1.0794624,9.85859
10.187557,1.5241566,-1.9828253
9.950529,3.8210728,-0.06897722
-6.6981444,3.6530719,5.1764092
-4.763872,-7.0651107,-4.823924
5.2282987,2.1566458,-8.600518
-12.037754,1.1423455,-0.9422805
-12.228124,2.4806378,2.0369372
-5.6505413,6.538779,-7.666876
8.139678,-2.7686846,6.050233
2.5837169,3.8810833,-8.568566
2.4727678,5.7157235,8.551647
5.607561,4.9309773,7.456103
-0.78131926,9.439098,-0.71626127
8.740129,3.3979573,-3.6317182
7.1874585,-8.980381,0.7444782
-6.5388675,5.5511,-8.1828165
7.66732,-0.36952645,-6.987185
7.0178843,-1.1190326,-7.9539876
7.642254,7.03385,2.9711328
5.4847035,-9.057942,-1.4429258
9.419929,-1.1331152,-3.8757906
9.235339,-1.1338388,-4.3355703
1.4693509,1.4464608,11.108786
4.7165565,5.3644648,7.7793326
4.3902345,5.503365,7.8162427
4.8365693,5.164217,7.957854
5.440453,4.7216754,7.9127517
5.971295,-9.115065,-0.7330459
9.352404,-7.0552373,1.6991228
9.6131935,-6.4304643,0.078162745
5.8271213,2.4066596,-8.165655
2.844101,0.60013676,-9.245517
6.5825834,-0.52970695,8.774284
6.691666,6.234125,5.1869345
9.115662,-3.0148306,4.796213
-9.0529175,-5.5099216,-3.1337724
-9.51173,-5.6820803,3.0074737
-9.925017,-8.5163555,0.65632194
-0.47455683,-10.350533,2.3477538
0.2595675,-10.290914,1.8565412
-7.15365,-3.4482677,5.6844096
-10.320833,-7.409702,0.5894801
5.412351,-5.9814916,-6.6141796
2.3982222,6.6188293,-6.710705
-2.7690368,8.583999,1.3162305
-2.6918206,8.858463,0.8525835
9.191983,4.8770576,2.4895275
6.9793997,7.9962296,0.87843287
7.40132,7.70183,1.08791
-3.1364205,8.020143,-7.3084645
-5.028483,7.41026,3.3775144
-5.951976,8.109311,2.5925763
-10.245273,-2.754468,2.9986532
-8.32897,-6.6800814,3.7886605
9.101671,3.81737,3.5302114
-7.801068,-5.6963573,4.577156
-5.2382445,9.795549,-1.572136
-1.2378355,-10.315763,1.8963552
-0.8067865,-10.345551,2.3274744
-0.5345607,-10.166963,0.75204504
-5.2701645,-10.248055,-1.7078575
-12.419767,2.0889919,1.9279037
1.928297,5.511995,8.965241
4.55432,-3.558377,8.517472
4.4596434,-2.4311087,9.201665
5.1311026,3.6723309,-8.166982
-6.7274837,9.4058075,-0.4483282
7.8721943,6.43029,-0.87208843
8.4002075,1.5746397,-5.174498
5.097121,-6.257316,-6.5686126
-10.300118,1.4822738,-5.277976
8.79705,-0.087550715,5.311521
-10.421227,-4.8845677,-1.4127412
7.4976177,6.049027,-2.5234601
9.790917,3.158559,-1.8429924
7.0736523,-8.430273,2.827573
8.053192,-6.988476,-3.1473346
0.08347914,4.0007443,9.723333
6.5852942,3.0913737,8.419947
5.153934,1.487694,10.5948
4.8385243,-1.2788677,-8.982728
4.818645,4.8949428,8.342683
-6.4706993,8.237906,-4.539879
-7.876561,-8.779064,-2.3595295
-6.143514,-9.049716,-2.9756553
-9.201425,-9.053942,1.5366157
-8.575768,-6.4230375,-3.2478383
-7.001089,5.734641,-7.8112125
9.372451,4.551787,2.265722
-3.2183328,-9.719873,-2.3331366
-8.268515,-3.520488,4.847607
-10.742241,-4.7297173,0.2695634
8.687681,-7.772213,1.531347
-3.1215737,8.203078,-7.091065
9.180701,-5.6746235,3.866146
9.792382,-4.10721,-2.1840215
5.7040586,-4.711119,7.304375
8.061371,-7.4713035,-2.419855
10.288181,-1.6802349,1.708997
4.1941223,-7.9212823,-4.5280533
-9.690115,2.269524,-7.2290425
4.6137905,-8.2788925,-3.8477995
5.842747,6.5731564,-4.0510354
-5.9865704,9.639654,-0.5673938
6.11817,-1.3735775,8.834669
10.470741,-4.715516,1.7179756
6.4856453,0.8010004,9.328015
2.3053205,-6.4808435,-6.1480627
1.1424978,4.637667,9.909012
5.0447044,2.3575392,-8.639607
5.11898,6.023265,-5.827176
-8.600496,-1.4407434,5.017901
-5.8700657,3.5307417,-9.439968
-9.7171335,0.96310145,-6.829047
-7.2883353,2.6417115,-9.305056
-5.09884,9.680947,-2.4850183
-0.6640683,4.971894,8.569729
9.720016,2.9004436,-2.2434263
8.8512945,4.4084716,-2.2690744
-4.5414233,-9.987568,2.0889885
-8.791039,4.244207,-7.739959
4.2392235,-1.6533204,9.71843
-5.469994,3.6168988,-9.426152
-12.272969,-0.1328079,2.4591992
-10.413212,-5.2805243,1.5275658
-12.559011,0.3762725,2.1346571
-7.1784787,1.5204657,5.70628
-6.6619797,8.765908,1.3988662
-2.3183944,-6.834552,-5.235793
2.3414989,-6.614564,-6.0300183
6.385646,-9.115345,-0.20408629
-12.328075,2.484808,1.2569702
2.47296,-4.534042,-7.5844383
4.46021,3.4247165,-8.546155
9.22011,5.0946817,1.981727
7.289193,-5.3204412,-5.504972
-8.103445,2.6590943,5.1021805
-2.0485253,-6.4695196,-5.5721726
3.9158864,-2.7339544,9.228273
8.195365,-0.36067754,-6.1923776
-3.6853151,9.355632,0.23419945
8.000235,-0.7867155,-6.596891
-7.7152276,-3.2642012,5.3158717
-9.882286,1.2830479,-6.61133
5.714215,-8.446613,-3.108597
9.594452,-0.72153205,3.5641513
-7.4365005,-4.20085,5.3230734
7.7637453,1.5467092,-6.1943436
2.4192533,-2.4131784,9.682458
4.770394,5.5483108,7.481811
6.9242477,-7.6073976,4.165696
-2.3657937,9.698866,-4.1354136
-2.2676928,9.416614,-0.34629536
9.049002,-3.4999602,4.864234
2.4170985,-2.6990776,9.5510845
4.556054,0.15649268,-9.12532
7.8260183,5.101349,4.6130924
7.5430484,5.544642,-3.1540802
6.3735013,2.4359949,-7.718952
-6.9917674,4.24064,4.79412
2.10843,5.6339393,8.762224
-6.368184,9.570365,-1.1677974
-8.104978,7.508993,-3.3675575
-7.6495967,-1.9559602,5.4746275
8.535398,-5.471291,4.738379
-12.3885765,2.172717,1.9321338
3.4010324,-2.476923,9.5072565
3.489062,0.091220036,-9.205989
5.093105,8.350978,2.9691598
3.2946432,4.4121146,-8.240482
8.666774,0.121588305,5.5565677
-8.810695,1.6560291,-8.153361
6.266056,7.616732,-1.304983
1.1318365,4.757318,9.787585
7.631213,-3.2256927,-6.8680015
2.2972965,-1.9941909,9.879679
-2.327447,-10.177684,2.4501162
-9.107464,-5.314638,-3.1765273
7.6954584,4.100223,-4.621289
6.054426,-9.267392,1.2941434
-9.807504,-8.554571,1.1089057
5.1066256,5.8839674,-6.0394835
2.490896,4.0183845,10.578093
-5.5213823,-9.943947,2.1749861
-12.179749,0.42469338,2.8648736
0.74360335,2.5360835,10.792349
6.957782,-7.1545362,4.641296
-6.1858864,7.503268,-6.0914927
8.448675,1.8136432,-4.99009
5.5465946,-5.3459306,7.0119987
6.0776143,-4.9724483,6.957289
6.032334,-4.8593345,7.039422
-2.2159014,9.588253,-4.557447
-2.406482,9.473488,-0.5291061
10.00834,3.683147,-0.045767277
7.735517,-2.7566977,-6.9854293
-9.402955,-0.6136288,4.745225
5.716291,-5.3157244,6.9507413
-9.759782,1.485025,-7.0079575
-9.146899,3.7949317,-7.561125
-8.22125,5.3482103,-7.1535954
-10.335156,5.2853613,0.18803358
-9.737266,2.321289,-7.128136
-7.250882,-3.7841902,5.561377
-9.629472,1.4549209,-7.2174006
-8.598309,5.0679183,-6.984861
-7.611426,1.7391227,-9.018388
-2.820011,9.710871,-4.232144
4.174426,-5.40493,-7.2928863
-2.7742543,7.5508447,-7.872387
-10.74379,4.075558,2.536475
-4.482426,7.8203907,-6.9293284
-5.9273586,1.8209807,-9.461609
2.909934,4.765588,9.745526
-10.517502,-0.10218015,4.235117
-2.9030163,-8.881155,-3.189802
-8.415668,5.763736,2.9103332
9.052991,1.5734186,4.4735446
-8.05368,-10.096083,0.5639943
6.9999633,7.1274095,-1.2821599
8.315633,-7.907547,2.2914977
0.16058514,-3.834232,-7.6014166
-8.569411,-6.609566,3.6506288
-10.117425,-7.28914,1.5252503
-12.230856,-0.049005464,2.6024032
-3.084678,-9.920882,-1.9346446
-7.5592585,-10.167449,1.2162421
0.6423745,2.083159,10.819814
-2.219955,9.386127,-0.26793993
-9.657538,-8.769657,1.1490597
-5.839925,5.2473307,-8.569289
-10.73791,-4.2868137,-0.6683376
6.3897495,4.2020755,7.35888
-10.753305,-3.257846,1.6285617
-0.3842781,-5.892799,-6.2108116
-9.868735,-7.1984906,2.1297402
-2.8817904,-10.075151,-1.3620094
-9.483315,-9.066688,0.9644957
-5.32547,-9.098868,-3.1746294
-10.185141,5.451328,0.22889023
-6.90412,-10.200911,1.372981
-3.8059912,-6.4955535,-5.386511
6.9438405,-0.51213133,8.255491
-4.5828543,-7.023662,-4.888244
3.0627775,1.2059231,-9.24979
2.8913765,1.4620527,-9.207941
7.612577,2.6187427,6.819348
10.426808,2.3832283,-0.439783
10.4720955,2.2351987,-0.26397127
2.4687982,6.862082,-6.42239
3.0895462,-4.9045577,-7.4760056
4.4134793,8.743172,-0.4256631
-11.473878,-2.0627537,-0.1868106
6.265306,4.3099413,-6.6451306
2.2889142,4.5240784,10.188765
1.7442726,2.38707,11.109619
