umap_x,umap_y,umap_z
-1.4126041,4.9494314,6.100558
12.519839,4.1117525,5.2220635
-1.452365,5.1454787,6.301702
11.623694,6.396995,4.8073316
10.22398,-0.91091174,5.3218293
0.22317506,5.5534964,9.561659
1.9202497,10.668602,6.0881414
-0.15593924,5.939028,9.151606
11.746526,4.660025,4.570082
-0.97852117,6.379421,4.4201107
6.8593245,4.632442,0.10421178
7.4113092,4.1014,0.20337202
7.322516,5.349409,0.48420754
6.907487,4.943268,0.18830414
7.080842,4.0087295,0.15779257
6.349578,4.238329,0.03246207
7.2559657,4.7808256,0.27684793
7.183592,5.1046867,0.34456843
7.19124,5.12553,0.35391742
7.058801,4.501585,0.15812714
7.032253,4.0399547,0.14791986
6.471294,4.2036033,0.054446906
7.2346635,4.7712536,0.26414183
7.205626,5.022595,0.32270333
0.3573654,9.0887165,6.9298496
10.263236,9.494537,6.374518
2.2338886,10.805579,6.1660233
2.566671,11.334603,5.3218775
1.6170654,0.11788195,5.60603
7.070503,7.0247903,1.0582933
1.0221413,9.914777,6.1723275
0.5105965,2.6683404,3.0388048
0.7910961,7.5813923,8.736039
0.07450595,3.2885778,3.0114574
2.2009342,10.782187,6.1814933
-1.0200329,6.1806417,4.424687
0.43593997,9.072555,7.035996
1.6217127,10.450626,6.074421
1.4315306,1.6226572,8.797897
11.691228,6.411684,4.917818
-0.31300268,8.357604,4.717583
1.6200614,0.11840621,5.6385126
1.2311678,3.2452776,2.1331675
0.5992179,2.604011,3.0266702
0.5028798,2.5977206,3.089945
0.86831933,3.0180643,2.5205264
-1.5746361,4.5914283,7.284611
11.54643,0.9202318,5.054892
2.3563852,11.077954,5.6812577
11.061326,-0.28985038,5.5590105
11.598328,7.693442,6.246335
1.7938144,3.160789,9.865215
11.233694,0.5697294,4.9578695
-1.2470355,5.9432797,6.466874
2.547886,11.409182,5.219375
1.215207,8.935009,7.7827663
10.6274395,8.515282,4.629966
2.0539758,10.654759,6.2835355
11.187428,-0.17453122,5.6356564
12.053799,0.7515334,6.0382113
11.41127,8.150386,6.256723
-1.4212581,5.144407,6.16156
10.687045,9.200346,5.448199
1.8396021,2.1503563,9.306882
10.47043,9.482241,6.300404
-1.1877892,5.088111,8.314889
-0.48229414,7.214083,7.2557764
-1.1059848,5.4642305,4.523569
1.2639327,7.4738317,9.182974
-1.609364,4.8065567,6.8659325
5.719813,4.830164,0.010963238
-1.1186044,5.004356,8.5586605
11.077969,-0.2482618,5.54
1.081553,0.87802833,4.3704395
11.831765,6.9319515,5.6758933
11.781599,5.272887,4.7116113
-0.65319276,6.1580553,8.312062
12.685293,4.5565753,5.4866962
-0.4959535,3.0940714,3.856714
-0.90214646,4.22536,4.0815873
11.78693,0.4608566,5.8158545
1.1743915,7.9835763,8.708088
1.6565536,10.359842,6.2856917
0.8233659,1.236981,8.459666
-0.941271,6.725555,6.354563
-0.77392846,5.489717,3.7482271
-1.6015557,4.8518806,6.936649
11.837317,6.964786,5.7778535
-0.88703716,6.688764,4.254892
11.98717,0.76769584,5.912408
4.4514775,7.5971932,0.3136004
-0.61780304,3.3869698,3.901779
0.75795376,9.690225,6.190823
7.6572127,6.8974423,1.3163335
1.1353878,8.8634405,7.809089
1.9691682,3.6989765,1.4674838
-0.96183896,6.881647,5.8776917
-0.89876133,4.1303487,4.122309
5.2838306,5.481697,0.15473612
10.043514,9.141621,4.904606
0.0017930258,5.4591465,9.481589
0.7706123,7.7065773,8.616901
-0.2566315,7.4517946,7.5068803
5.2179565,5.50563,0.17077243
1.2847046,3.2776337,2.0791252
-1.0390382,5.3904853,4.3424463
1.1762484,3.523915,2.0182707
5.729635,4.5417705,0.056601513
5.5339317,5.124829,0.08153615
-0.14426069,3.514222,3.1225042
5.3388114,7.5088854,0.36586818
1.1146207,0.5707301,5.156119
6.560318,6.8106084,0.7120705
10.8275175,9.18681,5.6543794
2.0302565,9.960226,7.111331
7.2974153,3.6654406,0.26428872
-0.5931106,3.296552,3.9066474
0.9285858,1.1769874,8.290803
-1.0248652,5.0389905,8.668323
1.1947501,1.4678613,8.662046
11.114337,8.149659,4.8340316
1.5885788,3.7327669,10.018382
1.3670824,8.8636055,7.9521184
10.110266,-0.90522444,5.1058583
-0.31942767,7.382377,7.464011
0.56974155,8.23484,7.8976245
6.636536,7.0711904,0.8485045
10.67496,-0.37953028,5.1517
-0.85305744,6.8358326,4.276848
-0.78070986,7.051942,4.269633
1.9444195,3.6935027,1.4800912
1.7109234,3.6068351,1.636744
2.0233667,3.725622,1.4418662
1.7099905,3.598168,1.6432241
1.2103221,3.497208,2.0070825
0.376625,2.8019357,3.0493453
0.09312842,3.3223202,2.9735007
-0.6305038,4.526058,3.586543
11.775115,1.1659459,5.220772
10.6299305,9.025238,5.117817
1.7532233,10.391883,6.365977
11.61626,7.606965,5.579299
-0.7784279,5.429721,3.7040083
0.7539724,7.7837305,8.531225
-0.26090005,1.8596462,4.4985
-0.70357984,6.051604,8.354477
9.892485,-0.87459546,4.831483
1.0437164,7.3932714,9.067053
-0.99558574,6.3903418,4.500805
2.1845562,10.045931,7.115412
-0.69980615,4.6996813,3.6369283
-0.1701359,5.12115,9.553793
1.9181521,10.546335,6.3083224
1.7387332,3.6211112,1.6124486
1.0088085,1.3936791,8.615058
11.178619,0.16662212,5.2165227
1.8016721,0.1561691,6.3234434
-1.4833649,4.3205295,7.5810328
7.8094897,7.230245,1.6264018
-0.5778782,2.537197,4.3464413
12.588905,3.521879,5.6412597
12.317798,3.7884037,4.989353
9.989109,9.183332,4.901828
10.728243,9.192855,5.4998956
5.731357,7.7384562,0.625298
10.5513735,9.138304,5.197758
10.5142145,9.04833,5.045609
-0.47962627,8.1221075,4.8656087
9.880597,9.495432,8.276432
12.738181,4.525804,6.380024
11.742061,1.1503434,5.166545
-0.96839625,6.2577,4.318379
1.354951,1.148152,8.055385
1.296338,0.46152264,4.8372517
11.915081,3.972173,4.675976
12.054202,2.4879346,5.0436087
-0.23859799,8.463246,6.9060016
0.8110121,1.2198992,8.390475
-0.6596141,7.417216,4.334317
0.91679907,0.7478529,5.1578727
6.517351,6.7502527,0.6759344
9.953431,9.428502,8.210596
1.5803131,1.4561672,8.487944
1.3373032,1.1177112,8.007755
-0.21430099,7.6588197,7.4101467
-0.53255713,6.2265744,8.423153
6.2453694,4.8109403,-0.04599385
6.28787,4.714034,-0.034561314
6.280795,4.7996106,-0.045229107
0.97918653,1.2547356,8.386559
6.5591583,7.104348,0.816562
6.550643,4.755094,0.021936761
1.1288346,1.052,7.938633
2.6876347,11.188292,5.4989266
1.7683781,3.4643133,10.011577
1.0230477,1.0954604,8.029072
-0.4570134,7.778459,4.252614
-0.36796418,8.120849,4.4997096
5.4332533,5.329034,0.115921386
-0.21560168,8.712123,6.2689204
10.913789,7.8064504,4.4299498
11.821004,6.3963027,5.158439
0.8421994,7.6565,8.70483
-0.57224625,7.662001,4.4278
12.026808,0.9616188,5.779377
-1.4022949,4.996269,6.0651484
6.106742,4.309236,0.04372331
6.3575993,4.1863422,0.031339258
6.6267467,4.7518725,0.033137504
-1.1083494,5.328551,4.5249233
0.18448819,3.413402,2.8540854
0.90318656,1.2771953,8.452073
1.1097658,1.085433,8.113208
11.38266,8.172788,6.367002
2.183704,10.85878,6.0349236
11.99179,1.8380555,5.224979
11.715773,4.362483,4.511169
5.7102437,4.4330764,0.06667006
5.5556383,4.6291833,0.04559967
-0.81732476,5.3979845,3.7778742
1.2189429,0.5265965,6.084843
1.7546803,0.16949372,6.2652044
0.8098218,1.2300094,8.4359
-1.3911903,4.6830077,8.106727
1.7906945,1.9885794,9.110146
0.22265854,5.80437,9.46485
9.893031,9.48675,8.273154
10.538401,-0.44393492,5.063946
0.5095639,5.571873,9.622571
5.1214232,7.117315,0.26797947
10.191838,-0.91338855,5.2457314
10.05475,-0.9139433,5.063531
-0.6919835,3.4462354,3.9830432
-0.69158584,7.77877,5.2269373
1.6165255,0.12370161,5.652619
0.14024444,2.9048016,3.2012894
-1.152798,5.7851973,4.859508
1.7188063,3.7110305,10.071208
0.695825,9.640547,6.126145
0.5514484,8.160936,7.9607086
0.81131405,1.0734363,4.326725
11.688637,0.3291138,5.7942033
5.438506,5.32,0.11168861
-1.1565179,5.7017975,4.793129
1.511038,9.0952835,7.7911406
-0.7229982,7.7279763,5.398357
5.3417134,7.5103436,0.36286306
-1.3849,5.341645,6.1137037
-1.3889713,4.689089,8.106955
1.2728882,0.48397338,4.804457
-0.38429555,5.209982,9.296056
6.245595,4.977166,0.05670209
-1.3842554,5.3595743,6.153845
0.838951,0.8080884,5.3282804
1.1999902,1.677478,8.917353
0.7106409,3.3524382,2.4085848
4.3791127,7.595648,0.36766198
6.6004057,6.9977317,0.797869
0.7065086,7.963194,8.312389
-0.6759201,7.8211536,5.233743
7.288248,6.709894,0.99327594
0.76193106,3.2900724,2.401849
1.0357555,3.225923,2.2590134
-1.597521,4.8488736,6.8467135
1.7405024,10.227733,6.5550575
-0.7382229,7.123551,4.241448
10.274175,9.183314,7.9547324
6.570592,6.832621,0.72100145
0.551983,2.580734,3.06615
-1.4581387,4.2503076,7.4954348
-0.30328575,7.4044895,7.4685116
7.2631173,6.7162347,0.97702783
11.81605,6.896104,5.536355
0.89908034,1.2388322,8.40124
0.6734992,5.349471,9.701785
-1.49441,4.3414326,7.5163765
11.453006,1.0019605,4.8922105
12.719466,4.685449,6.0733824
12.138645,1.3540863,5.765432
-0.91982853,4.3941903,4.084565
12.400594,3.5848823,5.203374
1.198226,0.5852307,6.242124
1.4341571,0.26165968,5.566626
1.2482349,4.5876565,9.887069
0.81079274,1.0602045,4.345262
0.82205755,8.725101,7.7369914
-0.8422697,7.299876,5.8573923
1.3779187,0.37489396,4.922874
6.8993373,4.595368,0.11258923
0.96542495,0.73035467,4.897803
0.45366034,9.046534,7.0864687
0.6650727,1.0699207,4.508917
0.92066485,0.7887679,4.806893
12.101165,2.7816663,5.0020137
-0.70933694,6.0634575,8.32431
1.4794569,10.146562,6.4052505
-1.6089584,4.791133,6.97356
-0.47276652,2.3912153,4.281789
11.688083,7.402874,5.5712776
-0.6929296,6.21453,8.141153
-1.0752368,5.681282,4.4641633
0.5448302,8.225652,7.911538
-1.1293141,5.6328926,4.6235414
11.350142,0.58913994,5.060484
12.651596,4.4346905,5.376128
1.674287,0.1878909,6.133936
1.7127447,0.08259549,5.7161884
-1.0170792,6.422711,4.931286
0.82155824,7.243384,9.015818
-0.81374556,6.9199376,4.226103
-0.22358145,1.8146064,4.4914327
12.590753,4.3070836,5.300513
0.023920527,2.1842499,3.880905
-1.1040471,6.132026,5.0677943
1.3000787,1.7947263,9.05236
-0.82450414,6.697803,4.1225877
-0.5156677,6.115261,8.547575
-0.6745664,6.1046906,8.3436165
-0.8127585,5.741504,3.8177006
-1.0257602,6.232751,4.493697
11.50659,0.20534365,5.5617266
-0.15914279,6.085607,9.070046
1.9235232,9.8055525,7.2123795
-1.5560077,4.8914924,7.5186563
5.4185185,7.3979044,0.38450828
0.98385453,1.3434756,3.866548
0.66731614,2.7048433,2.8879037
11.453602,7.635388,4.941136
-0.6236361,7.0876436,6.9863086
1.3605123,1.7716042,9.013455
5.605185,4.748738,0.037361927
11.071069,-0.28616777,5.5589724
1.4426836,7.8672876,8.96865
7.0472755,7.143692,1.1061479
6.7686048,7.264438,1.0082319
11.814058,4.7003455,4.6403337
-0.09663322,1.7115703,4.4601483
-0.60741836,2.6035247,4.3418527
1.1500806,0.62176937,6.189313
10.303977,9.155746,7.949753
1.3884469,0.35024166,5.0026402
0.9690245,8.230638,8.334192
-1.0223882,6.657291,5.853984
1.5841371,0.14269565,5.584844
0.3067681,1.3434201,4.5140767
-0.40885967,2.6150465,4.029161
1.5202069,1.2820472,8.215498
0.82418334,7.2308307,9.026359
9.826541,8.78551,4.2614822
-0.113346845,7.6987443,7.5353575
5.4723387,5.3970137,0.1387106
12.745844,4.4695563,6.4108047
-0.31794488,5.296989,9.317775
-1.5652971,4.8417583,7.581294
0.44833985,5.534973,9.62549
-0.30208597,3.1181164,3.5363512
-0.7708854,5.281125,3.6893895
11.790152,4.186325,4.57594
6.752356,4.3067174,0.079273835
1.0723614,0.8319848,4.443764
1.2275406,0.5540971,4.7047524
1.2256043,0.5537092,4.7098193
-0.20410019,2.4663794,3.8881772
1.2335365,0.5898056,4.646051
1.2261922,0.6043683,4.6144524
9.855594,9.329944,5.066529
0.8134956,7.5771403,8.757051
5.5584636,5.1342793,0.079160765
2.458693,11.297653,5.367054
5.0760403,7.300946,0.28226802
9.868051,-0.8744741,4.791909
0.035731133,1.742992,4.290032
-0.2821661,8.4287,4.8132277
-0.29363918,8.423922,4.76297
-0.21708536,2.8483682,3.6219501
-1.0360082,5.2166243,8.536985
1.1963893,0.6377422,6.5230093
-0.7764153,7.0181637,4.231283
1.4217962,0.28715643,5.7210507
-1.226546,6.085904,6.291814
10.0766115,-0.9565056,5.149276
-0.17184208,6.009755,9.099618
-0.6918187,6.0190005,8.406744
0.34252423,8.974109,7.0486107
0.7227566,1.3224765,4.0796695
1.0718023,0.63576293,4.877598
12.061048,2.5608048,5.014303
1.7612796,3.6382873,10.074057
1.6811767,3.453042,9.913729
12.691804,3.5694015,6.02166
11.919186,4.117966,4.679594
2.1506524,10.646388,6.3712173
-0.09761379,5.055932,9.631612
1.3845809,1.5653274,8.730025
-0.6933202,7.7314053,5.7696285
7.2644224,7.3470163,1.3535953
7.752616,7.508101,1.7761296
5.755681,4.498949,0.032824397
-1.5700858,4.7649384,7.5967255
12.00762,2.0302935,5.156876
1.6441064,3.7001672,10.022262
11.983043,2.5354333,4.9347963
1.331255,0.42800534,4.8356385
10.248517,9.3357935,7.498624
-0.15435988,2.4759607,3.8345246
2.681088,11.180395,5.510348
-1.4574572,4.7452955,7.942313
10.243868,-0.85489714,5.3234587
-0.23290028,8.497408,6.8908105
-0.13498443,8.587265,6.922301
-0.25075057,8.356332,6.9735727
0.010771212,8.868323,6.7532372
1.3058456,1.1116205,8.001742
-0.99347234,5.824608,4.257535
9.907321,9.461607,8.255266
9.783446,9.533674,5.4433637
-1.2770332,5.9511986,6.38053
-0.13754766,5.966866,9.148817
-0.50971913,5.251548,9.143511
-0.086857885,6.024515,9.182562
12.220878,1.1479561,6.2968245
0.7733645,7.3817267,8.877423
9.952802,-0.8427752,4.8479757
9.859586,-0.875613,4.7922997
9.865675,-0.9157478,4.752069
11.879376,6.9187717,5.9173098
0.7743066,3.494347,2.301246
12.131409,3.0847905,4.968849
4.692986,7.6988482,0.33174545
4.5096273,7.5998883,0.2855678
12.414966,3.7743006,5.1450744
9.8887825,9.214707,4.8847566
5.06893,7.6643434,0.3145564
10.152381,8.63131,4.3596797
10.556138,9.229295,6.792922
10.746507,7.945489,4.355963
11.950459,3.901461,4.7070312
-0.8255292,6.852258,4.204385
11.590941,0.25572267,5.657214
7.151303,5.09252,0.32307
7.0459065,7.311156,1.1976475
9.506442,8.319623,3.6031628
9.932124,8.275233,3.9104981
2.363006,10.991632,5.883128
-1.1501335,5.636501,4.704384
12.745934,4.4886365,6.377554
0.58582807,7.915004,8.209742
2.2710733,11.008894,5.7392926
4.892506,7.273427,0.2566297
11.773359,6.5174174,5.143454
11.572939,6.4048953,4.726216
11.653522,6.3680735,4.837244
11.783178,5.2503796,4.702045
10.64068,9.104651,6.919446
-0.41527843,7.9498806,4.355977
7.130967,6.8333883,0.95402336
9.810969,9.474022,5.3625917
7.359201,7.3423333,1.4095137
1.1430027,3.2542574,2.1765168
11.380494,0.7503544,4.9717298
2.0785458,3.7606552,1.3929781
-0.59756035,2.4942296,4.3739142
10.280291,-0.7359334,5.107822
-0.4054348,2.3005273,4.2550535
0.06821381,2.1709592,3.8495283
0.44121757,1.631047,4.0204434
11.440769,0.50409687,5.239425
6.782343,4.6831217,0.05932069
1.7132471,0.05004821,5.6024566
7.286486,3.731568,0.24508068
1.0186142,1.3341246,8.47865
12.716785,4.575557,5.5302954
4.5006113,7.952096,0.5520349
-1.5642811,4.7976875,7.5482364
0.8636417,0.87953055,4.627618
11.637207,0.29921323,5.6919727
-0.971523,5.060287,8.71432
11.506773,7.94235,6.3298163
5.6565228,4.964882,0.03841833
2.4237473,11.294858,5.3839045
-0.80288327,5.568768,3.7666998
5.3379154,7.828819,0.44923082
5.266924,5.6360006,0.15756908
1.9046446,10.507299,6.3331213
-0.74068207,4.7726665,3.7060862
11.538243,6.1965528,4.596615
10.406194,9.317797,6.947522
10.710474,-0.3309704,5.1410265
2.6211438,11.375629,5.2450395
12.003612,0.7482811,5.9398823
11.137937,-0.18774036,5.5238605
10.402687,9.122361,5.0512576
12.5544815,3.7023482,5.4580264
-0.0661182,6.0200515,9.210882
4.713937,7.9034886,0.47652712
11.7373905,1.0979428,5.206999
2.1245525,10.005443,7.126141
10.711783,8.456152,4.655516
-0.11682897,5.099208,9.59195
2.6528883,11.27617,5.3950844
4.608733,7.640567,0.29355863
1.1563177,9.566248,6.964436
1.2973043,10.158569,6.1216965
6.4781513,6.67008,0.630857
11.977775,1.2038772,5.536179
-1.4297022,4.235551,7.6073403
0.7991291,0.8444603,5.232485
1.7221956,10.560792,5.992519
-0.76567566,7.595948,5.6187043
12.662353,4.84283,6.197802
12.686314,4.7425685,6.240069
6.5358243,6.797661,0.69888884
12.742188,4.612794,5.746206
0.9805277,1.1786602,8.274069
0.732146,6.5115094,9.366514
0.842257,0.92916715,4.5358963
10.552849,8.0841465,4.2857285
-1.4776251,4.5230064,7.8444266
11.68527,6.3894105,4.909521
-0.47641245,5.5958505,9.013398
0.2084243,5.798983,9.46002
10.30892,9.151416,7.9334087
10.0086775,9.394495,8.136376
10.849718,9.177567,5.736604
1.6360308,3.7783968,10.024462
10.47484,9.28664,6.855814
1.7341634,3.5031507,9.98747
5.274681,5.4812427,0.1583752
-0.73662823,4.9087963,3.6769235
0.67979646,1.5495918,3.878098
5.855693,7.4034133,0.5672883
-0.6134076,2.578039,4.3816886
12.205923,2.5026107,5.3054695
0.3546937,1.7919145,3.917814
0.8184729,1.2508333,8.4686985
6.4120774,4.2472243,0.05467127
6.5504427,4.410964,0.034168243
12.581314,3.009117,5.8699255
2.6538608,11.413231,5.21607
1.886574,10.509736,6.3228526
1.2544509,7.478168,9.171708
1.0670317,6.9806266,9.312827
12.276619,3.561787,4.9935937
12.330808,3.7821376,5.002338
12.310168,3.6070383,5.0221233
11.747336,5.156402,4.644141
9.908157,9.478807,8.235945
-1.04832,5.699207,4.3736153
1.3026611,1.8806273,9.109435
5.081386,7.72938,0.31579518
1.6255323,1.5369569,8.547237
12.160596,1.0392085,6.309904
9.977659,-0.9666956,5.019621
6.3379993,4.8216033,-0.021418454
2.667874,11.425945,5.1616125
11.051918,8.8823595,5.972542
9.672903,8.3434725,3.7372725
12.298167,1.6128163,6.0121503
-0.25239757,3.016175,3.536393
-1.3776957,5.3319726,6.0459833
10.99073,9.004316,5.530492
-0.39268938,2.414959,4.143949
-0.34868574,7.335636,7.45514
-0.97609663,4.709977,4.1898136
2.618303,11.233994,5.4549146
-0.038815863,5.9968147,9.222814
11.373164,0.63946366,5.0479283
12.750161,4.452751,6.383525
-0.18969868,8.551212,4.844957
1.1352948,1.0386883,7.839035
-0.33560947,1.9889702,4.4426117
10.741998,9.013321,6.817865
10.317331,9.143425,7.923925
-0.8742304,6.9632416,4.696651
12.149205,1.3634033,5.786013
0.84349096,8.471481,7.979781
12.218101,1.4473921,5.906222
0.028874729,1.5755163,4.531168
12.013072,2.49204,4.983229
11.081182,8.871312,5.6231303
11.896022,1.4337262,5.260537
11.7623625,5.1342564,4.6576204
-1.3522166,5.6388545,6.3318634
12.636839,3.1610413,5.9739394
1.2941325,1.7343853,8.986696
11.680296,7.3900046,5.443037
11.877391,3.9093442,4.6577196
-0.9782624,6.8199854,5.8323326
6.9669538,4.550048,0.13227384
11.670438,7.552549,6.2325115
6.6146793,6.9965444,0.8045364
10.716937,8.51479,4.7059712
9.8422575,9.342906,5.1701827
2.4188645,11.076879,5.7093053
9.602196,8.424846,3.721642
10.898264,9.032845,5.3866863
10.809107,7.8664484,4.3709126
0.5063245,3.2873287,2.6108491
11.523414,7.4107156,4.8148484
10.860756,9.150624,5.723618
6.640449,6.8835807,0.76045704
11.486848,1.0315889,4.918688
0.5055539,5.5891485,9.6231165
-0.092111826,3.452809,3.0965683
12.200309,1.117601,6.296509
4.6847525,7.48629,0.2536783
7.2589426,4.418157,0.20453238
7.353668,4.0981555,0.19493409
1.0110861,5.07377,9.79316
1.6960105,3.5053601,9.962051
11.345662,8.240999,6.381379
10.359047,8.934483,4.8051605
-0.8728298,7.1793346,5.920821
-0.23240784,8.492383,6.8804207
-0.23475677,8.456629,6.9025345
0.0061330916,8.806233,6.847437
2.1117175,3.791245,1.3615683
4.510629,7.863052,0.47233495
0.16120481,5.6768236,9.49147
12.231255,3.900507,4.8953094
10.129372,8.641075,4.354036
12.008946,0.72635984,5.974962
-0.18716577,1.7675506,4.501701
7.4750867,5.0337963,0.5032374
-0.17651105,8.754911,6.394843
-1.6046352,4.809151,7.121601
-0.6089162,7.9153094,5.069763
1.6455629,0.095409825,5.531431
1.4917872,0.21317685,5.422611
-1.5981537,4.5098324,7.5915375
0.9415062,1.2690706,3.9763658
12.305802,3.7542787,4.975972
-0.65775955,7.404115,4.35978
0.7512361,8.31347,8.042251
1.0952264,6.9873104,9.319568
11.592308,0.28374434,5.630364
4.482917,7.626204,0.31455046
-0.7666587,5.319844,3.6768155
-0.8278057,6.0054765,3.904923
6.6162705,4.3974447,0.049512018
-0.8759061,6.91161,6.327607
-1.0035965,6.7170124,5.7865887
7.642926,6.419512,1.0398391
12.018997,2.4749665,4.995829
2.6471584,11.406123,5.188419
0.63266194,8.319722,7.911405
0.45045823,9.027604,7.1080275
-0.6462666,5.385119,8.935758
-1.166524,4.9691615,8.493174
-0.2513695,8.27646,7.031072
1.7733972,3.6790352,10.091402
2.1671865,10.731907,6.282314
-1.3910662,4.783109,8.103851
-0.5811448,5.535848,8.936183
1.3029789,0.450106,4.8345966
1.7955784,3.6520262,1.5690521
1.1173187,0.6164688,4.7963524
11.630507,6.2585473,4.7639184
-0.8575037,4.4333887,3.948734
-0.57785356,2.3914506,4.423867
-0.1747649,2.9161325,3.5359895
-0.76752615,5.978589,8.351318
11.73939,5.1065965,4.6272635
11.547378,1.0756528,4.960501
7.480461,6.273262,0.8867119
-0.31177822,8.58836,6.1320734
0.85032016,3.4978902,2.248455
7.1722884,7.213169,1.2208912
12.066618,3.224764,4.862423
11.7626705,4.821977,4.6024776
12.597038,3.5993648,5.6396914
10.31526,9.561591,6.208379
10.66204,9.358855,6.067939
0.99183947,0.9038064,4.4081054
-0.23836349,6.1224446,8.933343
-0.6267137,7.8833795,5.9072227
-0.7876659,7.560463,5.6030407
10.495952,9.285353,6.776082
0.65791225,9.522736,6.4674087
11.550549,6.1684117,4.593127
12.728824,4.6583776,5.910167
7.6158714,7.4122376,1.6217536
9.334188,8.456242,3.5132709
7.7314606,7.1657624,1.5112784
7.7179847,7.2796493,1.5929332
9.30833,8.38717,3.4389796
4.5553603,7.748954,0.39446577
11.521501,1.1665255,4.8768935
1.6925967,3.590205,1.6541455
-1.081844,5.1474433,8.507695
7.570729,6.3428264,0.9665493
12.710926,4.7558503,5.6821303
0.82492,9.639443,6.453262
7.526619,6.920764,1.2421246
1.7235907,3.6136427,1.6232923
9.828015,9.525014,8.268642
1.3072695,7.65681,9.053641
10.3024645,-0.78357404,5.365594
10.635858,-0.40108263,5.128195
0.8999218,8.099185,8.410944
0.8537583,7.2113886,9.064054
1.6562355,3.4191074,9.881216
1.5464497,3.8604941,9.968177
-1.3427672,5.396274,5.865596
-0.23042904,8.558673,6.718422
7.5955334,6.793775,1.2128488
-0.7001623,7.7622676,5.2220674
12.120252,3.2455316,4.9024696
12.301389,2.6811047,5.406452
6.351189,4.7761846,-0.037750494
11.003994,8.774044,6.5359564
10.3335495,9.111141,7.9338245
-0.84413743,6.6837215,4.148784
-1.5656267,4.9347253,7.4440494
9.318327,8.426905,3.4746919
9.320312,8.415628,3.4709256
10.584795,9.423891,6.262256
10.893748,9.041224,6.3036995
1.6109817,1.4049344,8.408535
0.69070613,3.3926365,2.4040968
1.0581372,3.3180578,2.192732
11.500355,6.368913,4.6212945
-0.50494343,2.715138,4.1023207
-0.46674302,7.9531207,4.404871
10.573827,-0.46785858,5.131275
1.8170973,0.16198216,6.3764853
0.046510156,2.2710104,3.7839725
-0.20906389,2.951743,3.5320299
11.648075,7.4904037,5.441483
1.8631632,2.189134,9.329913
9.875695,9.40753,5.2148495
-1.2626688,5.90275,6.442884
-0.09301931,8.804638,6.665161
12.14624,1.27981,5.8338084
0.9625064,8.464464,8.099557
12.593092,2.988664,5.9509234
0.9355761,8.130966,8.403173
1.3157827,7.9498954,8.837371
11.588453,6.607271,4.790924
7.7009516,7.0101013,1.4125704
1.8268005,10.430892,6.382246
11.541669,0.8544827,5.104765
11.677034,1.2838105,5.0305657
2.190749,10.61993,6.433631
-0.8593331,6.962118,6.320964
12.186652,3.320042,4.9508314
1.3881701,1.1471984,8.07813
1.8484751,2.182756,9.342042
12.687904,4.5327926,5.463696
9.846439,9.486284,5.3776474
11.598461,7.598266,5.4238544
11.532577,7.501322,4.9034085
10.715988,8.46361,4.6578937
1.2697102,0.45865282,5.9562497
-0.06803167,2.1530027,4.0062027
10.491576,-0.4616072,5.0285096
10.263072,-0.7676605,5.1306925
1.4103872,0.32605666,5.02974
5.5906897,7.8324413,0.5927763
-0.14407143,5.2636085,9.499976
12.73487,4.571244,6.3156238
-0.7595498,3.693772,4.0154915
9.974596,8.806079,4.3997645
-0.24449511,3.0336654,3.5052264
1.0268232,9.522271,6.872084
-0.85045075,3.9190931,4.0920124
-0.09001342,3.5165071,3.062297
11.475722,0.10791348,5.6880827
10.962437,8.12719,4.63739
11.159706,-0.19841062,5.6110477
12.692152,4.732898,6.0651817
1.3891116,7.6791134,9.107467
10.570792,8.145433,4.3258204
10.899026,8.962755,6.4733152
1.3199149,7.534076,9.190111
1.3981125,7.7132998,9.080506
1.3612312,7.6777616,9.075238
0.847669,1.0598673,4.306303
0.48053706,1.2360928,4.4498568
6.3498607,4.7986817,-0.027815431
10.255739,8.85516,4.652706
9.840783,9.470622,5.317003
10.561942,9.251284,6.724571
2.6141865,11.306447,5.361632
0.99788034,8.668354,7.9123144
6.9581885,7.0784254,1.0225664
12.732881,4.662265,5.721059
11.57062,7.744082,6.3668566
5.0413933,7.115888,0.25642934
10.151589,9.547515,6.282176
10.403495,9.31648,6.98448
10.947724,8.820819,6.6180935
-0.82949054,7.3437095,5.823469
-0.8831806,7.1661205,5.8771358
2.258054,11.056811,5.647134
2.1262822,10.83219,6.0111403
0.8279378,9.739395,6.2195783
11.62119,0.26455888,5.717987
11.247821,-0.09785502,5.605725
12.232702,1.4260304,5.985252
1.5504869,10.252388,6.324157
11.974499,0.81272537,6.3408575
-0.30377328,3.0426767,3.5814006
-0.645661,4.692964,3.5756521
1.864675,2.5045867,9.512715
12.0175705,0.8984974,5.8082314
-0.7426862,3.643196,4.0012674
1.4745618,10.297404,6.135925
12.743547,4.409646,6.360607
-0.15549552,5.947961,9.137399
11.0657625,-0.26114434,5.538176
1.3230549,0.36907953,5.384715
-1.1264715,5.3459744,4.569687
6.714767,4.35291,0.06508223
-0.9745933,4.597535,4.1949625
9.782143,8.294733,3.805835
-1.0988686,5.089553,8.532939
-0.3186252,8.519718,6.2542596
7.165899,4.6708775,0.2002207
-0.33969685,5.5887423,9.151272
1.3272219,7.4908123,9.202455
0.9968736,6.5931144,9.417124
7.6710987,6.519681,1.1057677
0.64932936,8.808259,7.5051727
-0.028781652,8.82966,6.76568
-1.2950625,5.9349685,6.35513
-0.1382787,3.0688422,3.3615365
1.839025,10.109764,6.762826
5.4373317,4.5998564,0.10333643
10.837254,7.895636,4.3910294
-0.06086505,3.6117241,3.0099013
-1.2791814,4.8589454,8.321307
-1.6078049,4.790039,6.9726515
0.83237964,3.55285,2.2433662
0.5122305,9.462473,6.073878
-0.29812458,8.5976515,6.160871
1.3985807,9.939477,6.637104
1.8669984,10.482534,6.354906
1.676094,3.7617805,10.057513
0.3890951,9.027763,7.0385785
0.66168696,9.589654,6.21716
0.92232245,1.2831889,3.9708776
12.071201,2.5004098,5.059283
9.922582,9.382234,5.184555
-0.45567736,8.023191,4.5843887
11.533087,6.381403,4.668503
10.849818,7.8797326,4.401714
1.1668341,4.8031216,9.857657
7.0376554,4.773179,0.18626931
4.3548574,7.6134276,0.38089186
-0.6293986,2.5886056,4.4269996
12.228753,3.3488734,5.007731
11.023639,8.946247,5.9043117
-0.90150464,5.195806,8.708859
7.6126113,6.4347734,1.0357646
0.7375227,9.640063,6.292785
0.36370853,9.147409,6.8437285
9.9079,-0.8744862,4.842803
11.314042,7.5483127,4.7027245
0.8303241,7.1136575,9.112145
1.2399517,0.48128936,5.9102635
10.277843,-0.6796551,5.0326104
11.06987,-0.17293493,5.457128
10.315283,9.526323,6.239148
10.134063,9.548433,6.1970186
0.78324676,1.0398687,4.3849587
11.454149,7.82178,5.2886515
11.041673,8.744733,6.518964
11.534592,5.914956,4.535985
7.264864,4.920339,0.32991397
7.4305687,4.1539865,0.2271778
10.414925,9.314662,6.9125404
-0.429759,8.227017,4.841817
12.232305,1.4457977,5.9605446
1.2311333,0.5698867,4.658412
2.6305122,11.438542,5.1485925
-0.49097416,7.9364867,4.552669
11.576689,7.762375,6.308689
12.160454,1.0416788,6.2985535
1.1857998,0.730661,6.7160654
11.376767,8.257587,5.9923124
-0.7771655,5.396641,3.7010193
7.2829423,6.7122808,0.9820659
1.1264486,8.766544,7.9156113
11.861315,6.622295,5.421276
-0.14096469,5.0907564,9.588295
9.905198,-0.8736861,4.822945
1.0551126,9.524318,6.885791
-0.25978234,8.648389,6.0592647
9.870532,9.500394,8.281448
9.893369,9.482073,8.287265
12.184714,1.0831261,6.324606
9.8750305,9.50235,8.290231
-0.24075036,5.969307,9.044571
12.7287245,4.648419,5.664908
-0.90746087,6.677305,4.3163495
-1.3725082,5.407216,6.1257873
9.859698,8.777181,4.2780848
9.380375,8.347521,3.4946074
10.490372,-0.6400743,5.298425
7.595211,6.7350326,1.1788117
12.201168,1.1062819,6.317323
11.384129,0.7939977,4.947887
11.004154,-0.251527,5.4530253
1.4597689,0.3135488,6.0232034
-1.1438859,4.996686,8.518127
10.364848,9.306825,7.143963
12.370537,2.6330404,5.570526
-0.77768016,5.267973,3.6959438
10.333411,-0.78370076,5.2844462
0.92941016,0.8175174,4.636882
-1.1172856,5.035888,8.546774
12.428428,4.123132,5.093627
1.5543641,1.5216082,8.600934
11.833591,6.345895,5.146559
9.859587,8.805425,4.3086596
-0.8044313,7.4537873,5.365266
11.456345,6.387266,4.578946
12.615534,4.405625,5.325751
9.99893,8.367403,4.021267
11.547017,7.863256,6.2422824
0.3098656,5.4633045,9.611164
11.862532,6.610046,5.4161325
0.08085136,1.5436383,4.466279
-0.30509052,1.9093769,4.4793878
1.7545444,3.4083557,9.960669
1.8130362,3.186072,9.892784
7.6844735,7.2726083,1.5674846
1.7948761,10.547804,6.172355
1.9050677,9.906862,7.069141
9.803816,8.922322,4.4149466
12.136344,1.0091368,6.34518
-1.334144,4.7900844,8.224025
1.8122244,3.6400175,1.5658112
7.278851,3.6907265,0.2525509
5.851826,7.7090487,0.6801439
-0.26114848,8.453734,4.8023677
1.8841838,2.406301,9.454135
1.5406771,1.5245779,8.614028
1.0012585,1.385531,3.831312
0.9716896,3.0399635,2.4361148
1.5480497,10.082171,6.5737386
1.9136695,9.961782,7.0074883
6.399791,4.7648273,-0.023386806
12.528973,3.6558204,5.419164
11.265468,0.54699266,4.9980803
1.3351858,7.8757415,8.907988
2.22069,10.946507,5.8448415
0.98029166,8.701154,7.8724785
-0.06898189,8.872681,6.3798523
0.8775849,9.712343,6.367704
-0.6731765,6.0106683,8.4404
10.49831,-0.3796482,4.9779644
-1.1787766,4.9497514,8.479711
5.4887233,4.629226,0.07668071
0.3486736,1.6993344,4.014778
-0.07840985,7.651413,7.5862436
6.462529,6.643708,0.6095105
0.56670916,3.2912211,2.554194
11.755798,6.2446194,4.960589
-1.5572304,4.796041,7.614904
1.8255811,0.16628525,6.3918843
-0.77787167,3.7064137,4.0457864
-1.407098,5.4608183,6.3261247
9.866283,9.527111,8.311143
1.5327674,3.8256106,9.985168
0.4934836,8.15936,7.890642
9.859532,9.542468,5.589085
12.53984,2.9062176,5.8489366
12.216493,1.1629088,6.2691016
0.88315266,0.7862128,5.0783024
-0.20848157,1.8046654,4.477687
0.80078167,0.842198,5.306722
11.76146,6.1729417,4.936342
7.394532,6.7221966,1.0498677
7.5697556,6.3802047,0.9788632
-1.5827097,4.770887,7.564465
5.307243,7.307509,0.33995777
-0.14555827,8.66895,5.2435145
0.98640674,8.173395,8.408008
10.9660635,8.176823,4.6763186
12.515869,4.019594,5.237984
2.5207896,11.315877,5.3482494
2.3053331,10.934544,5.930344
1.7472562,2.044352,9.224855
-1.0088241,5.793361,4.2912354
9.837578,8.314722,3.8543656
10.572157,8.598722,4.6574306
0.4878509,1.4746789,4.1104283
12.697104,3.5005245,6.0548873
12.052798,3.0665493,4.8954573
0.69928646,9.549032,6.481079
-0.25563142,7.4651484,7.500958
9.407496,8.378383,3.5309815
11.496536,7.984513,6.2311316
10.283841,8.438959,4.307686
5.2493105,7.87356,0.42892578
-0.6271867,6.28851,8.183865
10.23695,9.493563,6.3706236
-0.8984615,4.258952,4.0479674
-0.009686317,3.005101,3.2805183
-1.1431541,6.197339,6.475679
2.2054427,10.645185,6.4080825
-1.4536331,4.2726936,7.6207204
-1.0458343,5.2996373,4.351317
0.964261,8.285525,8.283351
-0.07231078,3.6240501,3.0223403
0.07465329,1.5516558,4.466947
0.9388152,8.16404,8.384985
1.8158944,2.094759,9.256776
10.080946,9.354137,8.041049
9.953632,9.4380455,8.213487
0.78107715,7.1727953,9.044775
1.328986,0.41510254,4.907395
5.086953,6.9741497,0.24747951
7.8269644,7.336376,1.7132391
10.588736,9.409534,6.295576
10.071999,8.397516,4.1005816
0.15642135,3.3504217,2.904186
1.4046804,10.228247,6.164503
-1.5403908,4.9472356,6.5903616
6.6277413,7.0584407,0.84612083
-0.9937442,6.4284244,6.6766667
11.557259,7.4596972,4.9138293
9.905589,9.479481,8.214761
12.746484,4.449913,6.3952127
11.157736,8.076127,4.8503313
-0.8491134,7.3121314,5.7550397
7.6466565,6.956054,1.3430353
10.212493,9.536884,6.2843056
10.34827,9.102159,7.906852
1.4801011,0.2239132,5.5688324
10.578293,9.111183,5.1862993
11.0959635,8.835456,5.6800766
2.0473251,3.7441955,1.4080485
11.539912,7.5196166,4.9442024
-1.3106573,5.83096,6.419554
4.5852604,7.860202,0.45587787
0.6499376,1.0749125,4.5278125
2.520263,11.343827,5.3083963
10.683786,7.889996,4.299894
1.0537953,1.4298813,8.651841
12.718612,4.674439,5.610414
0.5358067,5.491096,9.650257
0.94124705,1.1849799,8.025352
9.832176,9.287388,4.988212
11.606806,7.469622,5.125228
10.533148,-0.5471593,5.1806154
6.633305,6.9230437,0.78059024
0.9355227,1.3268526,8.54376
-0.7800725,7.556502,5.4978666
11.335672,8.246425,6.4016013
12.009612,2.6593242,4.92403
4.9682713,7.3288474,0.2668156
4.9917684,7.2082376,0.25759506
11.525013,7.5101876,4.9115977
-1.117395,5.155839,4.56128
0.8554963,0.7922976,5.3999143
-0.99087375,6.7122517,6.1029286
12.22773,2.8187573,5.245491
12.42356,4.1222916,5.091592
10.280121,9.1960745,7.8984947
2.0565147,10.621155,6.3380184
10.270693,-0.68436444,5.032197
10.182461,-0.84896743,5.1596875
10.500056,-0.42091274,4.9942646
5.702677,4.450501,0.06519119
6.8419666,4.608787,0.09729386
-1.0305426,6.6161847,6.0896044
-0.79780877,5.3232007,3.7418792
1.8171895,0.15105107,6.328299
11.301003,8.411717,5.8642693
10.611922,9.391652,6.281089
7.714114,7.0182276,1.4279279
1.1413789,0.60905993,6.085986
5.1426907,7.87722,0.4134315
5.2396297,4.71214,0.17704773
1.8270282,2.1415818,9.322061
1.8028567,3.1986496,9.906372
-0.8747979,6.770458,4.2796063
5.153435,7.834891,0.38365626
5.2392087,7.862189,0.43286058
5.3902073,7.553061,0.39940864
1.7778409,3.4000916,9.965854
5.3111362,7.6000795,0.3726081
-1.0576617,6.3192444,4.9807878
5.4457555,5.3503036,0.12388515
1.8123118,2.128009,9.286614
1.4897723,3.566171,1.7937977
12.09736,2.5489998,5.0918202
-0.20648743,3.0639038,3.4405818
12.558752,3.9560876,5.367475
0.24114875,5.40291,9.612421
7.397692,4.1675553,0.2073696
10.4137945,9.335768,6.837251
11.768137,4.9804893,4.630609
7.650591,6.6102815,1.1436377
-1.0557607,6.3080783,4.9176354
-1.3047835,5.837804,6.409998
10.989483,8.979372,6.0366936
9.461916,8.353248,3.5706985
12.621348,3.1120958,5.9573197
0.7379275,8.618931,7.7476015
-0.3090341,8.097291,7.1167183
-0.36356485,8.262271,4.6613464
4.4870963,7.8068166,0.4456306
-0.25362372,8.466933,6.8354516
5.3035145,7.615042,0.37317473
10.376011,8.781126,4.6701303
2.551419,11.359545,5.269015
0.7540053,3.4397767,2.3383002
0.58549887,3.5194302,2.4553788
12.729157,4.562817,6.3615494
0.83786106,6.909372,9.224604
1.2712756,7.507233,9.155127
-0.7356216,7.1719246,4.2766304
-0.22271633,7.543063,7.4903245
-0.84291244,5.947243,3.9239056
-0.8588552,6.8147397,4.271918
11.715121,5.1599894,4.6082363
11.16583,0.14315116,5.2218385
10.87263,-0.28934062,5.2987676
2.2701814,10.179261,6.97803
-0.34348413,8.319654,4.7272577
11.514122,0.85678244,5.0722322
-0.13038348,8.629211,4.8954167
7.270831,5.0760713,0.36897025
-0.7568622,7.116224,4.2928953
10.553776,9.163659,5.2273893
0.64469093,9.596763,6.0416827
6.3910027,4.1959763,0.048031043
5.7498584,7.5439835,0.5617757
1.8511008,10.678984,5.981702
2.5744195,11.398314,5.2045116
10.212868,-0.885954,5.245702
10.967176,8.848636,6.5172963
9.862406,9.38335,5.1647344
10.915477,9.014887,6.2680097
0.63377756,3.3174174,2.4809132
11.143553,-0.21429567,5.6005197
10.243253,-0.8742242,5.2699814
4.668935,7.575325,0.27767217
10.599355,-0.53052115,5.209317
11.005225,8.976125,5.5379214
11.444161,8.0850115,5.860891
0.39272034,2.8081336,3.0315154
-1.3929524,5.256039,6.0953193
10.223949,9.555207,6.2010536
9.926519,9.458823,8.241795
1.1328478,9.044587,7.59258
12.097218,3.304099,4.872471
11.795522,7.1310863,5.9183803
1.2580135,1.7472818,9.007748
1.615232,1.4804071,8.50497
7.389158,4.1009965,0.20264105
4.5434146,7.7762275,0.39532438
1.5817755,1.4274065,8.440859
-0.42757583,2.360535,4.2296305
0.7377289,9.690863,6.1025906
-0.03618705,3.421227,3.0562081
11.367393,7.80253,4.9972343
-1.1437441,5.6335287,4.6750736
9.344372,8.4490185,3.5120225
1.7077491,0.18370634,6.2126493
-0.98980296,6.490796,4.649125
-0.9226412,4.411663,4.0789666
1.807219,3.6416643,1.5671577
-1.0106186,5.9992495,4.344707
0.7465272,7.8002625,8.512106
7.3338513,6.6056423,0.952783
0.83260006,3.5059476,2.257087
2.224709,3.822112,1.3344182
2.0863135,3.7743285,1.3797661
1.7037001,3.6126328,1.6310847
0.29077488,2.7479312,3.1503594
1.510597,3.4462752,1.8482913
12.037348,0.9989287,5.749452
1.2563628,1.7660732,9.035593
-0.1190104,8.806163,6.5116844
0.6563649,3.567967,2.3930519
4.5307198,7.960264,0.5574804
1.8659129,2.1799755,9.318282
-1.1813129,6.136294,6.4385223
5.3726435,7.921886,0.52199274
5.2855206,7.847767,0.4382626
10.538123,9.217071,6.857268
1.8186448,2.1179228,9.285819
0.48022765,1.2166431,4.485929
-1.4445199,4.2606983,7.6573725
11.58656,1.0500525,5.023708
11.35482,0.5901047,5.0761886
9.967321,9.200892,4.9127994
0.85902,7.047065,9.161026
10.282475,8.92121,4.742591
1.9799259,10.793105,5.85427
-1.454071,4.480474,7.820676
-1.5039418,4.441726,7.7175803
9.786853,9.5238285,5.4054537
-1.0333462,5.6978273,4.3378143
12.622904,4.36428,5.3480854
4.59926,7.547366,0.27483934
12.735673,4.5855927,6.3201823
10.626167,9.368668,6.3362265
7.2131753,5.056776,0.33324912
7.2763824,4.244098,0.1720204
6.405468,4.2351117,0.04045056
6.5938416,4.8130503,0.04022279
6.915621,4.889463,0.1658925
-0.2778268,8.634335,6.1630263
0.3794169,9.20549,6.7554703
1.0682725,1.1005276,8.130793
-0.6753131,6.0998645,8.349034
7.699998,7.044892,1.4310534
0.06394346,1.5381323,4.523449
0.88721967,1.1707125,8.27658
1.3206131,1.7995545,9.050987
1.0529609,1.1084089,8.118203
-0.30522954,1.9149432,4.4750023
12.435235,2.718017,5.6694107
11.478981,6.415508,4.6137652
2.1675913,10.030315,7.116849
6.305107,4.2375417,0.036168113
5.6626577,7.802626,0.6199823
10.8642235,9.126036,5.5753
10.9455595,9.020225,5.4840846
-0.48468024,5.5991893,9.001835
5.897606,7.722297,0.7126074
12.298892,3.8134503,4.9684424
12.024511,0.91178524,6.424605
10.533311,9.137449,5.1790905
1.9068928,2.2983952,9.372775
2.4750056,11.241478,5.4347835
1.2042968,9.707457,6.795894
0.8126505,7.2178593,9.031971
11.434244,8.092117,5.784348
-0.38112563,8.098012,4.479209
0.1418978,1.4788815,4.517956
11.627822,7.631852,6.282187
0.31313962,5.468204,9.603488
-0.42446464,8.107695,4.5958633
-1.163366,5.637105,4.759468
1.2939628,8.90528,7.8715587
2.3807468,11.1052,5.641617
0.3470575,9.154014,6.7898874
-0.64045393,3.3503397,3.9548762
-1.148164,5.6490145,4.708626
-0.8368527,5.566241,3.8278182
-1.2990494,5.8413997,6.5184183
12.277896,3.4664962,5.0122337
5.484417,4.5448956,0.09677454
-0.7581753,7.5847654,5.7448936
1.9508476,3.6972456,1.4717383
2.0656414,3.7567573,1.3943413
-0.40820736,8.236218,4.748091
12.1300125,0.9794065,6.2098722
-1.0949614,5.231879,8.392665
-1.5063019,4.8906684,7.689328
11.768941,1.1113982,5.2366295
1.2304189,8.894874,7.8671026
1.109998,9.411244,7.1108236
12.097375,3.183443,4.887092
-0.124585934,5.1171403,9.587916
-0.5385435,7.6341753,4.276916
4.4363875,7.623085,0.34199342
11.817794,7.0078583,5.7390103
0.95320076,0.7284219,5.6969743
1.633388,3.624619,9.980516
-0.18694182,5.0697083,9.549187
6.2380886,4.765062,-0.04425379
6.0604076,4.8279505,-0.038490426
10.9349785,9.041058,5.4972014
10.599438,9.36557,6.4172735
-0.42462805,2.6038795,4.054296
11.564171,7.414094,4.888959
11.373271,8.257832,5.9954004
12.614833,4.3587294,5.313834
0.042438757,8.94931,6.6434536
-0.06579285,1.7418953,4.3862066
-0.2980828,1.9181434,4.463882
11.802169,6.6895046,5.321589
11.432645,0.9318764,4.9219413
10.44358,8.967977,4.9002147
0.7439903,7.745785,8.554941
0.88820755,7.222281,9.080122
1.1005092,1.0792984,8.052587
12.449446,2.8190815,5.6502724
5.585421,5.119945,0.07484047
4.4681616,7.7537932,0.4096099
-0.17531031,2.5027962,3.8304513
11.43464,0.4653514,5.255429
12.208124,3.354027,4.974114
12.038638,0.9537106,5.8079863
-1.5692334,4.821653,7.5548496
1.7356803,3.3296916,9.910023
0.6562309,3.5235288,2.3977742
1.3805282,0.3209421,5.6673856
4.5190115,7.7250357,0.3648096
11.994361,0.7075519,5.9989076
-0.4210938,5.6122313,9.066779
0.32428265,9.045639,6.9480395
7.3064356,3.6425397,0.27446622
-0.14345711,8.811332,6.3728976
12.732265,4.6034226,6.2985926
7.4707694,6.338481,0.90608495
-0.17201634,8.775121,6.3668027
0.6215724,9.48609,6.498665
0.6998786,9.536124,6.50395
7.763066,7.2165847,1.584945
0.41677755,2.7509902,3.0496087
-0.17799973,2.9021976,3.5350685
11.086736,8.114665,4.773539
-0.063464224,3.6003003,3.0102005
0.033990126,3.333834,3.0267024
9.981068,-0.91052324,4.952846
1.8859174,10.494432,6.35089
1.4086099,0.35960856,6.0339184
1.8806248,9.930471,7.0233917
7.6796603,7.093014,1.4480789
0.55438405,1.5403149,3.9852853
12.615313,3.2541559,5.885197
2.039319,10.605559,6.336995
7.3793235,5.618242,0.6006799
0.7729496,1.2373836,8.425111
0.9904727,1.1967205,8.274952
7.4003572,6.80871,1.0996599
11.491744,6.113195,4.5281343
11.539171,7.8955383,6.1935763
11.5643835,7.4400005,4.9170985
12.15749,1.3287411,5.796968
9.788303,9.505614,5.3881717
2.03866,10.008011,7.034828
11.75852,4.8856835,4.606347
-1.0396372,5.048566,8.6364155
-0.968268,5.110985,8.699546
1.2885938,7.494852,9.202713
0.91336197,1.1716402,8.329068
-0.5767266,2.3983078,4.4632487
1.7427187,0.16708414,6.253435
10.160952,-0.912786,5.2279706
1.3650769,7.5672235,9.172172
1.343161,7.5546956,9.186227
1.3906578,7.7010264,9.08905
10.211981,9.316794,7.7138996
0.54504263,1.540355,3.9936647
12.678757,3.4045553,6.0155177
12.701816,3.5263448,6.0615187
9.832948,9.558607,5.541526
-0.8808027,4.0487614,4.119295
5.221319,7.6133437,0.34401786
4.7261143,7.402656,0.27375463
10.929812,7.941999,4.491079
11.969349,0.7124255,5.8973765
10.616589,9.01485,5.088509
5.5653186,4.7109847,0.042481102
5.5622277,4.629096,0.05243457
0.5924415,9.544458,6.0751214
0.95143855,0.70819414,5.496998
10.920765,9.051687,5.4861736
1.7996995,0.1810389,6.3595347
-1.5296038,4.7555394,7.7243443
-1.5869853,4.578299,7.4729857
11.192732,-0.08165587,5.4996095
1.2318966,0.5157934,4.807741
12.280803,2.671397,5.3511252
-1.3551652,5.677962,6.431089
10.9347925,8.227069,4.680666
1.291279,1.8027631,9.058548
11.741087,6.2412176,4.928547
10.587734,9.42445,6.2649016
10.94954,7.902307,4.490848
0.97404045,0.7805093,4.648938
-1.1686457,5.597284,4.763875
7.3172483,3.67614,0.27754405
7.2452035,3.648879,0.27723482
11.340944,0.82261354,4.89993
9.775119,9.4785795,5.296753
-1.4169978,5.214699,6.129841
10.134245,-0.7722152,4.993242
10.554338,9.434659,6.290312
12.1154175,2.7736254,5.0348463
12.723972,4.6472187,5.603868
2.6531157,11.194432,5.485313
12.066515,3.3742518,4.8418374
11.007763,-0.19763295,5.386328
12.085924,2.4051263,5.1202683
9.54877,8.322854,3.6302557
1.7924538,10.567788,6.1108804
0.78644097,1.0285813,4.402254
9.4831505,8.310841,3.5729387
12.703876,4.500839,5.402955
11.674479,6.358397,4.848113
-0.8627695,6.5149765,4.1330595
10.304943,-0.6471715,5.018463
11.325305,0.62789667,4.998975
11.625136,0.27992287,5.70467
1.9680185,10.596055,6.2838764
1.2016611,0.64848703,6.516156
1.4434581,1.1778437,8.04799
-0.09588532,3.6527631,3.023543
0.70108306,9.534109,6.5223246
12.497251,2.8694477,5.7188416
-0.18997417,3.4420497,3.2220535
-0.8059764,6.642064,4.0774775
-0.74673873,5.912194,8.391491
9.900652,-0.8647476,4.8217654
-0.62281424,7.060391,7.026625
6.3227873,5.038963,0.09589399
6.4601126,5.112661,0.14193402
0.3764475,1.7134885,3.9723284
-1.539453,4.4496026,7.55013
-1.6029812,4.813709,6.8735514
-1.1773429,5.6185718,4.812763
0.80972564,6.588876,9.3646965
7.401861,4.0722885,0.21995953
7.290047,3.7449253,0.24339527
10.419456,9.076257,7.8000803
-1.393896,5.216685,6.0635056
12.561815,3.5415761,5.55353
12.006147,2.579385,4.943409
2.5834212,11.331604,5.3350477
1.1383048,1.05163,7.945016
-0.40144038,8.285044,4.821043
-0.26066273,8.408876,6.953344
-0.037892118,8.82701,6.7475266
-0.39992255,8.06311,4.4730988
-1.566179,4.9566603,6.7847886
0.7580608,3.3391519,2.3826241
2.1220398,10.005041,7.114644
-0.42757675,7.2819786,7.317436
-0.9947944,6.7057786,6.1018853
1.510755,0.20503163,5.6552677
-0.24311143,8.436158,6.918703
-0.73262054,5.016013,3.6484625
-0.6220664,4.537116,3.569519
-0.15642205,8.626245,5.017955
0.95356876,1.3926611,3.8437238
0.71026254,2.3360834,3.155291
0.66626203,2.4049509,3.1248739
5.990201,4.2668858,0.076096795
-0.3939509,8.261404,4.7398005
-0.5095142,7.6847906,4.2525296
-0.21937639,8.521606,4.879848
1.6645938,3.70928,10.040313
1.7003378,3.5531394,10.009471
1.5829257,1.4947668,8.550023
-1.5985156,4.727241,7.5021243
0.68975574,1.4261297,3.9903374
12.660441,3.5281696,5.8945284
11.407138,7.716931,5.028541
11.014725,8.135196,4.7016945
7.551937,7.388628,1.5615348
7.643054,7.248924,1.5224401
6.897117,7.198172,1.0561349
11.506536,7.572493,4.9695034
-1.2787623,5.873283,6.492377
0.96176946,8.106767,8.448233
4.437896,7.6390963,0.34499618
2.2789178,11.113216,5.56724
-1.1036822,5.44641,4.5099964
-0.88391423,4.1099396,4.084895
-0.07554517,3.4355135,3.0856187
2.6641326,11.42243,5.145982
1.4143347,9.992537,6.585017
1.5234911,10.3108835,6.20166
12.166777,3.8519497,4.8569326
11.55959,6.230565,4.650317
0.47550297,1.2622819,4.4196086
11.729758,5.1920815,4.6300097
7.4234447,4.067134,0.22795889
9.546206,8.279046,3.6110425
9.312978,8.422498,3.4674888
7.7578673,7.260367,1.6108242
11.7766485,6.4696226,5.1272345
12.106494,3.1895287,4.9079523
5.363001,7.904481,0.5165013
-0.67040485,6.2446985,8.165297
-0.62489,6.4554787,7.966151
0.27991834,5.8534803,9.468228
7.2901936,3.7346146,0.24590205
0.7968923,1.2092664,8.485421
-0.45123577,3.2872913,3.6824079
-0.8148023,7.001332,4.3590403
12.045183,2.1057816,5.154396
1.2706422,1.7155117,8.966493
9.776408,9.479699,5.297846
5.7031736,7.5116506,0.5286948
5.5665855,7.8626795,0.5927166
0.5122347,1.574282,3.998849
-0.3394268,8.363041,4.839077
-1.4462904,4.6011252,7.980088
-0.85217226,5.769626,3.9016087
-1.0430058,6.382973,4.9963007
6.628179,6.9302835,0.7844791
2.1091216,3.8060348,1.3608769
10.002383,-0.7774838,4.870657
10.449987,8.9564905,4.890048
10.906485,7.9593334,4.479405
11.38263,8.200404,6.291079
10.940262,7.9117837,4.4789844
11.640895,1.0098417,5.0947766
0.81320804,0.9883448,4.445787
10.051077,9.316365,5.144112
11.520636,6.0722923,4.546897
11.452246,8.078909,6.2201066
0.80091745,1.43932,3.8943918
5.4141855,7.965431,0.58775455
1.6704198,0.1935841,6.123346
5.4013233,5.401479,0.13036771
1.6121997,3.7577417,10.023811
0.7787071,9.681965,6.274171
5.733771,7.7366834,0.63322467
5.7558885,4.473911,0.03429179
12.067296,2.2434947,5.1606956
-0.6898203,7.728035,5.6799445
0.40371025,9.009701,7.0710735
10.224813,-0.7103155,5.004696
1.1694989,1.122807,8.064337
1.2549635,0.5281617,6.2371125
-1.0990847,4.9848657,8.573693
-0.9766007,6.575882,4.7375298
5.2401648,7.947967,0.49060005
0.027444312,5.4698915,9.490248
1.2140472,0.5924558,6.3253317
2.256857,10.565894,6.513859
11.927058,1.1557046,5.476028
11.146499,-0.19234788,5.561764
11.625747,0.2974021,5.6680436
7.3183346,4.1748304,0.17193991
1.7148286,10.302062,6.441881
-1.0478367,4.986997,4.362236
1.4291686,0.27245837,5.6311617
10.4161215,8.339504,4.3307085
12.1351385,1.3619484,5.7479496
-0.30581585,8.593441,6.1635013
11.975643,0.8180985,5.803195
12.705166,3.550592,6.0639634
12.125268,2.9923816,4.990922
12.598223,4.3172274,5.299844
7.5357614,6.293358,0.9246268
6.7249956,4.297748,0.07432255
2.2299445,10.042391,7.129742
1.1244191,7.983064,8.67283
-0.7624281,7.077169,6.540293
12.71805,4.6581283,6.130525
0.26431316,5.830248,9.473887
12.53718,2.8885128,5.8336334
1.2721611,8.049464,8.711881
-0.3057908,7.3774548,7.50586
7.336043,5.1998854,0.44562936
10.318972,9.551608,6.2233677
-0.22938518,5.217581,9.449559
-0.67152715,7.8281,5.19907
7.1571813,4.8302436,0.218739
1.3554943,7.5155315,9.217861
11.736995,4.953066,4.591067
11.970486,1.4612342,5.3791366
-0.250644,2.8783495,3.6508765
-0.41661066,7.9042454,4.3099756
11.649755,6.344651,4.8199296
7.460509,6.3357205,0.90856546
1.2168634,8.013718,8.714608
0.9670404,0.9337235,4.3756094
5.5429306,4.7327013,0.06293177
7.3356643,3.5944746,0.30966616
7.153028,3.7658837,0.19527909
-1.0966712,6.178698,4.993288
1.3535851,8.858203,7.9508867
0.3415426,2.7449126,3.1320324
10.483505,9.1062,5.087836
1.8317454,2.0976946,9.22332
12.720122,4.6299295,5.5879564
7.3317018,4.060091,0.20034319
5.3621864,7.799292,0.4518096
2.6724458,11.212708,5.467796
2.277042,11.018456,5.7433724
10.026829,9.569921,6.0663824
4.6089277,8.052304,0.64515287
12.57914,3.4266512,5.6462646
-0.9654387,5.276048,8.590168
1.8199914,0.16057292,6.3773117
10.940261,9.055184,5.530589
0.2869301,5.810765,9.495734
1.4002018,7.6129756,9.168597
12.112337,1.4334365,5.66341
1.7425498,3.4254029,9.959105
5.3730946,7.8981586,0.51049554
-0.86954397,4.0078464,4.095794
0.35252365,9.080272,6.982001
1.142181,4.8262916,9.850581
10.070935,8.702665,4.36547
12.278459,4.0104513,4.941564
7.638681,6.4822516,1.0667872
1.2569163,1.7416749,8.996971
11.738517,7.176644,5.380264
6.416583,6.5758533,0.5892657
-0.17251223,5.139125,9.545645
10.746261,7.8010178,4.315511
12.712468,4.723309,6.0973887
6.647251,7.3522696,0.97836185
9.870879,9.504151,8.289544
10.007566,-0.813549,4.8894706
5.705476,7.511475,0.53108025
-0.5869734,4.5386744,3.5228982
-0.889212,4.4237022,4.010606
-0.8989946,4.368397,4.0334544
5.4749513,5.2310853,0.09717617
4.9878893,7.2389894,0.25840908
-0.31011882,8.557133,6.2128882
4.5212665,7.863504,0.46978572
10.279309,9.179945,7.949651
0.65325284,1.0846064,4.483345
2.2035894,10.096645,7.0573473
11.650323,1.148276,5.0478935
11.967733,1.8860008,5.1599994
12.104596,1.4828681,5.6359267
11.250657,0.22085108,5.2549405
11.799285,6.3329754,5.085181
12.453589,2.8187425,5.6484027
12.029898,0.898027,5.817341
11.753464,1.3036143,5.1131353
5.671815,4.9408507,0.036770843
6.194978,4.223789,0.04432667
5.4511614,7.9447355,0.6177625
11.208268,-0.14284433,5.6034684
2.6538103,11.421512,5.1597314
11.116255,-0.111912265,5.412815
-0.8888,7.161868,5.818486
2.2343595,10.211683,6.9350743
11.4667635,8.03975,6.2841225
7.0315466,4.8006096,0.18504818
-0.6959333,7.263272,4.244388
11.6186905,7.412785,5.0125475
-1.5954149,4.8578672,6.7949977
1.1504316,3.2096179,2.1994288
9.840078,9.518009,8.300684
10.873041,8.147831,4.5596004
11.42014,8.125757,6.322063
12.56622,3.5396938,5.559462
10.346335,9.117904,7.897555
10.949663,8.275038,4.740565
0.98756176,8.570021,8.039108
4.920364,7.929848,0.49617225
11.574129,6.3809266,4.721258
2.2302482,10.597708,6.4626484
12.6633005,3.317422,5.986993
0.7085509,3.4703238,2.3568473
10.146718,9.563712,6.240839
10.24243,9.331718,7.534484
10.992358,9.009616,5.5531735
9.917388,9.41919,5.2459135
11.235171,7.9430814,4.8657575
11.478381,7.450745,4.8152966
2.1673138,10.7418,6.226417
11.445925,7.6122475,4.9003506
10.224154,9.338155,7.570906
-0.19575222,5.9409723,9.114982
1.4869212,1.5778071,8.6975
1.7032936,3.421682,9.921401
1.6468288,3.5807402,9.955628
0.2036519,3.3485632,2.8597476
1.8291163,2.0701714,9.239924
1.7933542,2.172163,9.294379
1.8585185,2.2095716,9.341827
-0.2033906,8.748151,6.2762084
1.6544462,3.6856375,10.020104
12.520469,2.9769113,5.7261705
-0.13425437,5.31086,9.479
-1.4052362,4.6703343,8.0775175
0.1620976,1.4383757,4.5663314
